Accession,PHE,CNU,BNU,DIA,PAL,DBI,DSW,HIN,TSW,FLO,MAT,FTM,CLE,CWI,CNLA,NLC,Branching_type,Capsule_hairiness,Flower_color,Inflorescence_type,Seed_color,Branching_grouping,Seed_color_grouping,Region,Cluster
C1,130.3636364,103.1818182,0.409090909,14.85909091,97.95454545,308.7,55.04230769,0.174941336,2.594314847,62.25,98.75,36.5,26.815625,8.189,2,6,Monobranching,Medium,White,Indeterminated,White,Mono- or di-branched,White,Eastern Asia,Cluster3
C2,105.6444444,91.46666667,1.155555556,10.45222222,71.35555556,182.9,32.91741935,0.28130831,2.949444658,59.71428571,95.57142857,35.85714286,27.96421569,8.681,2,4,Monobranching,Medium,White,Indeterminated,White,Mono- or di-branched,White,Eastern Asia,Cluster3
C3 ,91.66666667,57,0.666666667,7.866666667,59.66666667,244.65,32.91741935,0.206896447,2.706659506,46.81734427,94.02173913,48.26666667,26.26153846,7.032666667,3,4,Monobranching,Medium,White,Indeterminated,Black,Mono- or di-branched,Black,Eastern Asia,Cluster3
C4,128.3846154,121.974359,0.307692308,11.59230769,94.82051282,243.55,55.04230769,0.148868162,2.921458338,49.57142857,94.07142857,44.5,27.96421569,9.504,2,4,Monobranching,Medium,White,Indeterminated,White,Mono- or di-branched,White,Eastern Asia,Cluster3
C5,133.3684211,135.3157895,2.052631579,13.17894737,94.47368421,339.75,41.41284615,0.200393771,2.968232885,72.57142857,110.8571429,38.28571429,26.815625,7.666666667,2,4,Monobranching,Medium,White,Indeterminated,White,Mono- or di-branched,White,Eastern Asia,Cluster2
T001,169.7777778,147.4444444,11.11111111,22.82222222,45.33333333,578.5,6.6,0.011743772,1.51328955,54.5,103,48.5,21,5.7,1,4,Extremely branched,Sparse,White,Indeterminated,White,Others,White,Western Africa,Cluster1
T002,140.1,7.4,6.5,19.09,71.7,299,50.79333333,0.115860616,2.734609826,61.5,103.5,42,16.66666667,7.6,1,4,Higly branched,Sparse,Purple,Indeterminated,Black,Others,Black,Western Africa,Cluster1
T003,136.7,132.7,4.5,13.18,80.4,215.25,30.98,0.142404092,2.148426347,46,89,44,23.4,7.64,1,4,Higly branched,Sparse,White,Indeterminated,White,Others,White,Northern Africa,Cluster2
T004,119.3,115.2,3,14.74,78.8,342,40.2,0.11754386,2.268875267,54,96,42,21.6,7.36,3,4,Higly branched,Sparse,White,Indeterminated,White,Others,White,Northern Africa,Cluster2
T005,131.5,131.4,6.3,11.02,76.2,244,56.73,0.223434344,2.26774781,43,87,44,27.2,7.16,2,4,Higly branched,Sparse,White,Indeterminated,Gray,Others,Others,Northern Africa,Cluster3
T006,117.1,165.2,4.2,14.05,88.3,328.5,77.25,0.225826447,2.70137011,54,91.5,37.5,27.4,7.68,3,4,Higly branched,Sparse,White,Indeterminated,White,Others,White,Northern Africa,Cluster3
T007,109,127.1,5,12.58,73.6,356.5,40.9,0.114726508,2.54274781,42.5,90,47.5,22.8,8.34,1,4,Higly branched,Sparse,White,Indeterminated,White,Others,White,Northern Africa,Cluster2
T008,195.2,9.5,6,27.18,102.8,520,5.537216981,0.070598287,2.455319517,45,95.5,46,29.43333333,7.742,1,4,Moderately Branched,Sparse,White,Indeterminated,Brown,Others,Others,Eastern Africa,Cluster1
T009,168.8,152.3,6.2,16.46,97.9,384,50.9,0.132552083,3.073604397,43.5,89.5,46,26.2,8.24,1,4,Extremely branched,Sparse,White,Indeterminated,Composite,Others,Others,Eastern Africa,Cluster2
T010,192.8181818,165.1818182,6.181818182,21.10909091,88.81818182,512,40.635,0.079152893,2.84771687,42,89.5,47.5,23.2,7.08,1,4,Higly branched,Sparse,White,Indeterminated,White,Others,White,Eastern Africa,Cluster2
T011,185.2,148.2,8.1,17.9,86.2,456,7.3,0.016008772,2.748974605,65.5,107.5,42,19.2,6.5,1,4,Extremely branched,Sparse,White,Indeterminated,White,Others,White,Northern Africa,Cluster1
T012,132.3333333,93.66666667,7.777777778,13.17777778,44,158.5,5.89,0.032816902,2.12,54.5,91.5,37,18.6,7.94,1,4,Extremely branched,Sparse,White,Indeterminated,White,Others,White,Northern Africa,Cluster1
T013,157.625,191,7,17.3,75.125,511,77.23,0.110445206,2.88502335,58,91.5,33.5,20,7.04,1,4,Higly branched,Sparse,White,Indeterminated,White,Others,White,Northern Africa,Cluster2
T014,169.1111111,93.77777778,7.333333333,18.06666667,67,364,9.3,0.025549451,2.571808717,46.5,94,47.5,22,6.94,1,4,Higly branched,Sparse,White,Indeterminated,Brown,Others,Others,Northern Africa,Cluster1
T015,165.1111111,109,7.222222222,17.45555556,79.55555556,240,0.5,0.0025,3.52861471,69,112,43,20.6,6.72,1,4,Higly branched,Sparse,White,Indeterminated,White,Others,White,Northern Africa,Cluster1
T016,169.625,110.375,7,17.2625,56.55555556,296.5,4.7,0.014551084,3.06161004,70,111,41,19.5,6.975,1,4,Higly branched,Sparse,White,Indeterminated,Composite,Others,Others,Northern Africa,Cluster1
T017,171.4,121.7,6.4,15.94,78.2,438.5,49.39,0.104005102,2.85978342,47.5,92,44.5,22.4,7.08,1,4,Higly branched,Sparse,White,Indeterminated,Composite,Others,Others,Northern Africa,Cluster2
T018,186.8571429,118,7.285714286,18.25714286,85.71428571,268,11.55,0.046268657,2.78705896,71,108.5,37.5,23,7.48,1,4,Higly branched,Sparse,White,Indeterminated,White,Others,White,Northern Africa,Cluster1
T019,184.4444444,141.7777778,7.444444444,17.76666667,75.22222222,296,8.6,0.029054054,2.4429568,57.5,91.5,34,25.6,7.56,1,4,Higly branched,Sparse,White,Indeterminated,Light Brown,Others,Others,Northern Africa,Cluster1
T020,168.7142857,120.2,9,18.87142857,74.14285714,250,4.6,0.0184,2.63208231,46.5,90.5,44,23.6,6.98,1,4,Higly branched,Sparse,White,Indeterminated,Light Brown,Others,Others,Northern Africa,Cluster1
T021,181.5,77.6,8,16.68,68.2,338.25,7.2,0.01815889,2.21550321,46.5,92.5,46,22.8,7.18,1,4,Extremely branched,Sparse,White,Indeterminated,Light Brown,Others,Others,Northern Africa,Cluster1
T022,177.6,173.3,10,17.1,83,750,71.19,0.17,2.886041155,46.5,92.5,46,21,7.26,1,4,Extremely branched,Sparse,White,Indeterminated,Light Brown,Others,Others,Northern Africa,Cluster2
T023,145.4444444,104.4444444,7.333333333,15.64444444,70.11111111,325,40.1,0.111388889,3.47399416,48.5,91.5,43,26,7.62,1,4,Extremely branched,Sparse,White,Indeterminated,Light Brown,Others,Others,Northern Africa,Cluster2
T024,173,163.7,8.6,19.05,71.8,500.75,22.845,0.037965861,2.368796555,46.5,92.5,46,22.4,7.06,1,4,Extremely branched,Sparse,White,Indeterminated,Light Brown,Others,Others,Northern Africa,Cluster1
T025,179.8,137.1,8.8,16.88,73.7,417,10.9,0.046581197,3.13722942,46.5,93,46.5,23.8,7.12,1,4,Extremely branched,Sparse,White,Indeterminated,White,Others,White,Northern Africa,Cluster2
T026,185,141.4,5.6,17,89.9,390.5,44.655,0.106993243,2.69023234,57,97,40,21.4,7.06,1,4,Higly branched,Sparse,White,Indeterminated,Composite,Others,Others,Northern Africa,Cluster2
T027,172.125,123.125,7.625,20.925,87.75,324,20.515,0.040123457,3.1638237,46,94.5,48.5,22.4,7.36,1,4,Higly branched,Sparse,White,Indeterminated,Light Brown,Others,Others,Northern Africa,Cluster2
T028,205.6666667,122,9.666666667,21.33333333,52.4,431.7,19.09887755,0.028282248,2.502809261,64.93909229,100.31875,42.6,25,7.166666667,1,4,Moderately Branched,Profuse,White,Indeterminated,White,Others,White,Northern Africa,Cluster1
T029,143.8,145.2,2.6,15.44,87.9,240,45.1,0.187916667,2.47705896,52.5,97,44.5,27.8,7.44,3,4,Higly branched,Sparse,White,Indeterminated,Composite,Others,Others,Northern Africa,Cluster3
T030,174.2,119.4,6.5,15.15,84.3,310,2.6,0.008387097,3.07065032,68,114.5,46.5,23.8,7.1,1,4,Higly branched,Sparse,White,Indeterminated,White,Others,White,Northern Africa,Cluster1
T031,152,156,6.714285714,17.77142857,66.14285714,267.5,29.4,0.081666667,2.73478342,51,97.5,46.5,23.6,6.54,1,4,Higly branched,Sparse,White,Indeterminated,Light Brown,Others,Others,Northern Africa,Cluster2
T032,180.1,119.6,7.6,15.99,68.9,216,23.68,0.044907407,3.00430356,47,97,50,22.4,6.98,1,4,Higly branched,Sparse,White,Indeterminated,White,Others,White,Northern Africa,Cluster2
T033,188.3,123.3,6.2,15.98,95.4,384,19.4,0.062987013,3.073604397,48,98.5,50.5,22.4,6.74,1,4,Higly branched,Sparse,White,Indeterminated,White,Others,White,Northern Africa,Cluster2
T034,168.625,159,6.375,16.8,80.375,307.5,37.68,0.116,2.794282934,67.5,113.5,46,24.8,7.02,1,4,Higly branched,Sparse,White,Indeterminated,White,Others,White,Northern Africa,Cluster2
T035,160,152.9,4.9,13.56,88.7,447.5,23,0.079310345,2.758316695,50.5,97,46.5,24.6,8.56,1,4,Higly branched,Sparse,White,Indeterminated,Composite,Others,Others,Northern Africa,Cluster2
T036,188.7,70.9,2.2,14.1,107.9,327,18.6,0.059327217,3.058834014,56.5,97.5,41,30.4,8.7,1,4,Moderately Branched,Sparse,White,Indeterminated,Light Brown,Others,Others,Northern Africa,Cluster2
T037,219.3333333,100.3333333,5.666666667,17.31111111,107.3333333,216.5,16.62,0.07789916,3.112696244,47,92,45,24,8.16,1,4,Higly branched,Sparse,White,Indeterminated,Composite,Others,Others,Northern Africa,Cluster2
T038,187.3,61,1.3,13.54,91.5,209,18.04,0.06076555,3.028155477,43.5,90.5,47,24.2,8.24,1,4,Bi branched,Sparse,White,Indeterminated,Composite,Mono- or di-branched,Others,Northern Africa,Cluster2
T039,192.2,117.2,3.8,17.2,118,264,23,0.087121212,3.323364467,53,97.5,44.5,27.4,7.8,1,4,Higly branched,Sparse,White,Indeterminated,Light Brown,Others,Others,Northern Africa,Cluster2
T040,200.6666667,92.77777778,5.888888889,20.01111111,83,420.5,5.3,0.017320261,2.4793345,67.5,114.5,47,22.4,7.24,1,4,Higly branched,Sparse,White,Indeterminated,White,Others,White,Northern Africa,Cluster1
T041,155.2857143,222,6.857142857,19.31428571,81.71428571,413,63.655,0.159618644,2.59999241,46.5,94.5,48,23.6,7.66,1,4,Higly branched,Profuse,White,Indeterminated,White,Others,White,Northern Africa,Cluster2
T042,181.4444444,101.6666667,6.222222222,20.84444444,77.5,371.5,22.8,0.060824743,2.530013037,48.5,94.5,46,23,7.34,1,4,Higly branched,Sparse,White,Indeterminated,Composite,Others,Others,Northern Africa,Cluster1
T043,168.4,94.4,9.3,15.02,69,286.25,10.6,0.038604651,2.721730005,45,88,43,21.2,6.7,1,4,Extremely branched,Sparse,White,Indeterminated,White,Others,White,Northern Africa,Cluster1
T044,192.5555556,110.7777778,7.666666667,17.46666667,80.11111111,174,13.2,0.075862069,2.850670947,48,90.5,42.5,22.4,6.62,1,4,Higly branched,Sparse,White,Indeterminated,White,Others,White,Northern Africa,Cluster2
T045,192,151.8888889,8.444444444,18.88888889,82.22222222,462,20.4,0.061077844,3.227017707,45.5,89,43.5,25,7.34,1,4,Extremely branched,Sparse,White,Indeterminated,White,Others,White,Northern Africa,Cluster2
T046,173.8,121.9,8.4,16.77,78.3,324,18.6,0.057407407,2.872466627,74.5,118,43.5,25.8,7.4,1,4,Extremely branched,Sparse,White,Indeterminated,White,Others,White,Northern Africa,Cluster1
T047,165.4,101.5,6.7,14.21,80.1,313,28.67,0.086900958,2.6507122,47,92,45,26.2,8.2,1,4,Higly branched,Sparse,White,Indeterminated,Composite,Others,Others,Northern Africa,Cluster2
T048,192.3333333,123.6666667,8.555555556,16.38888889,89,388,11.5,0.03422619,2.84909457,49.5,96.5,47,24.8,7.44,1,4,Extremely branched,Sparse,White,Indeterminated,White,Others,White,Northern Africa,Cluster2
T049,158.5,140.5,7.7,12.74,70.1,232,30.4,0.131034483,2.96861471,43.5,97,53.5,24,7.74,1,4,Higly branched,Sparse,White,Indeterminated,Brown,Others,Others,Northern Africa,Cluster2
T050,185.2222222,88.77777778,2.888888889,16.35555556,117.6666667,336.25,21.1,0.068617886,3.57400175,63.5,116,52.5,34.2,9.54,1,4,Moderately Branched,Sparse,White,Indeterminated,Brown,Others,Others,Northern Africa,Cluster2
T051,193,101.2222222,2.333333333,13.75,137.7777778,296,34.9,0.117905405,2.631568787,44.5,98,53.5,30.2,8.4,1,4,Moderately Branched,Sparse,White,Indeterminated,White,Others,White,Northern Africa,Cluster2
T052,131.7,121.3,6.2,13.02,80,209.75,33.145,0.142491639,2.24319673,63,118,55,31.8,7.14,1,4,Higly branched,Sparse,White,Indeterminated,White,Others,White,Northern Africa,Cluster2
T053,189.5,110.125,2.75,14.2375,106.375,213.25,21.825,0.103707572,3.12585931,43,96.5,53.5,23.8,8.16,1,4,Moderately Branched,Sparse,White,Indeterminated,White,Others,White,Northern Africa,Cluster2
T054,168.7,126.5,4.9,14.86666667,72.4,270,38.1,0.141111111,3.15041039,45.5,100,54.5,28.2,7.38,1,4,Higly branched,Sparse,White,Indeterminated,Brown,Others,Others,Northern Africa,Cluster2
T055,183.4444444,112,5.222222222,16.01111111,98.11111111,376,33.2,0.088297872,2.972007394,45.5,95,49.5,25.6,8.52,1,4,Higly branched,Sparse,White,Indeterminated,Composite,Others,Others,Northern Africa,Cluster2
T056,212.5555556,82.44444444,1.888888889,17.77777778,123.3333333,296,9.6,0.032432432,2.56119206,52.5,98,45.5,26.6,8.5,1,4,Moderately Branched,Sparse,White,Indeterminated,White,Others,White,Northern Africa,Cluster2
T057,215.5555556,78.88888889,1.222222222,19.46666667,115.6666667,352,11,0.029411765,3.019971784,49,97,48,25.2,7.72,1,4,Bi branched,Sparse,White,Indeterminated,Brown,Mono- or di-branched,Others,Northern Africa,Cluster2
T058,184,94.125,4.375,18.275,69.7,461,14.9,0.042329545,3.003145164,48,97.5,49.5,30.33333333,7.966666667,1,4,Higly branched,Sparse,White,Indeterminated,Light Brown,Others,Others,Northern Africa,Cluster2
T059,181.1,71.9,1.8,14.22,126.7,217.5,15,0.068965517,3.724700914,42.5,99.5,57,32.8,9.9,1,4,Moderately Branched,Sparse,White,Indeterminated,Brown,Others,Others,Northern Africa,Cluster3
T060,159.8,90.5,2.5,12.02222222,99,220.5,39.745,0.181990292,3.695160147,67,117.5,50.5,33.2,9.4,1,4,Moderately Branched,Sparse,White,Indeterminated,Brown,Others,Others,Northern Africa,Cluster3
T061,222,78.7,2.7,18.82,114.9,489.25,25.485,0.042824957,3.30651722,60,99.5,39.5,26.6,9.7,1,4,Moderately Branched,Sparse,White,Indeterminated,Light Brown,Others,Others,Northern Africa,Cluster2
T062,170.1111111,71.55555556,2.444444444,12.93333333,106.1111111,276,30.35,0.118115942,3.514700914,43.5,100,56.5,32.4,9.54,1,4,Moderately Branched,Sparse,White,Indeterminated,Light Brown,Others,Others,Northern Africa,Cluster3
T063,194.4285714,81.35714286,5.5,15.9,92.64285714,345,28.1,0.100357143,2.477017707,44.75,98.25,53.5,28.4,7.68,1,4,Moderately Branched,Sparse,White,Indeterminated,Light Brown,Others,Others,Northern Africa,Cluster2
T064,181.6,101.7,3.1,15.31,118.1,308,38.9,0.158130081,2.490013037,66.5,115.5,49,28.8,7.58,1,4,Higly branched,Sparse,White,Indeterminated,Light Brown,Others,Others,Northern Africa,Cluster2
T065,169.2,114,2.7,13.9,110.3,264,46.9,0.197058824,2.918627747,43,94,51,24.8,7.52,2,4,Moderately Branched,Sparse,White,Indeterminated,Composite,Others,Others,Northern Africa,Cluster2
T066,178.2,135.9,6.2,18.23,80.1,237.5,32.6,0.137263158,2.28681903,46,95.5,49.5,26.4,9.78,1,4,Higly branched,Sparse,White,Indeterminated,Brown,Others,Others,Northern Africa,Cluster2
T067,190.75,96.875,4.875,18.175,65.25,356,23.85,0.110955056,2.62137011,48.5,95,46.5,25.4,7.08,1,4,Higly branched,Sparse,White,Indeterminated,Composite,Others,Others,Western Africa,Cluster2
T068,160.2,98.1,2.6,14.09,84.6,258,14.6,0.056589147,2.310513524,71,114.5,43.5,21.6,6.8,1,4,Higly branched,Sparse,White,Indeterminated,White,Others,White,Western Africa,Cluster1
T069,178.8,59.4,3.7,14.25,50.6,225.5,5.755,0.035276074,1.831527533,52,98,46,23.6,6.38,1,4,Higly branched,Sparse,White,Indeterminated,Composite,Others,Others,Western Africa,Cluster1
T070,167.8,121.9,6,18.57,70.55555556,383.5,45.62,0.094920635,1.97688091,46,94.5,48.5,23.8,6.68,1,4,Higly branched,Sparse,White,Indeterminated,Composite,Others,Others,Central Africa,Cluster2
T071,198.2222222,88.44444444,3.888888889,20.53333333,81.11111111,395.5,18.22,0.054867257,2.173686904,47,99.5,52.5,22.6,7.62,1,4,Higly branched,Sparse,White,Indeterminated,Composite,Others,Others,Central Africa,Cluster1
T072,167.2,32,6.9,20.51,36.8,376,1.735,0.004938272,1.7,69,115.5,46.5,21.6,6.38,1,4,Higly branched,Sparse,White,Indeterminated,Brown,Others,Others,Central Africa,Cluster1
T073,192.6666667,84,11,18.8,52.44444444,278,1.1,0.003956835,1.989637069,67.5,116.5,49,21.2,6.94,1,4,Extremely branched,Sparse,White,Indeterminated,Brown,Others,Others,Eastern Africa,Cluster1
T074,127.8,190.9,6.8,14.45,55.8,209.5,36.325,0.101670644,2.86292586,44.5,98.5,54,23.6,6.94,1,4,Higly branched,Sparse,White,Indeterminated,Brown,Others,Others,Northern Africa,Cluster2
T075,148.25,137.125,11.85714286,11.9625,80.875,268.5,12.8,0.063366337,3.305979275,41.5,95.5,54,24.2,8.66,1,4,Higly branched,Glabrous,White,Indeterminated,Black,Others,Black,Northern Africa,Cluster2
T076,150.3,199.1,8.1,16.57,76.9,437,52.83,0.121714976,2.8365791,39.5,107.5,68,24.8,7,2,4,Extremely branched,Sparse,White,Indeterminated,Composite,Others,Others,Northern Africa,Cluster2
T077,160.2222222,123.5555556,6.666666667,15.31111111,88.55555556,316.75,28.3,0.082387191,2.794556527,56,95,39,21.6,7.6,1,4,Higly branched,Sparse,White,Indeterminated,Composite,Others,Others,Eastern Africa,Cluster2
T078,191.1,33.4,5.9,16.31,47.6,469.5,18.605,0.033576643,2.56388558,52,103.5,51.5,23.8,8.28,1,4,Higly branched,Sparse,White,Indeterminated,White,Others,White,Eastern Africa,Cluster1
T079,195.2222222,93,7.222222222,20.36666667,52.88888889,471,20.29,0.042066327,1.86915645,56,102.5,46.5,23.6,6.18,1,4,Higly branched,Sparse,White,Indeterminated,Brown,Others,Others,Eastern Africa,Cluster1
T080,184.3333333,84.22222222,4.777777778,17.01111111,88.22222222,325.5,19.045,0.091551459,2.63113018,71,120,49,22,7.52,1,4,Higly branched,Sparse,White,Indeterminated,Black,Others,Black,Eastern Africa,Cluster1
T081,184.4444444,122.4444444,4.333333333,16.57777778,81.44444444,395,31.1,0.078734177,2.429793734,48.5,97.5,49,25,7.66,1,4,Moderately Branched,Sparse,White,Indeterminated,Black,Others,Black,Eastern Africa,Cluster2
T082,161.6666667,114.5,6.333333333,18.03333333,36,468.5,11.7,0.024973319,2.3041798,58,98.5,40.5,22.8,7.04,1,4,Higly branched,Sparse,White,Indeterminated,Brown,Others,Others,Central Africa,Cluster1
T083,179.4,70.3,7.3,16.38,49.1,570.5,20.6,0.034959569,2.39616112,69,116.5,47.5,22,7.46,1,4,Higly branched,Sparse,White,Indeterminated,Composite,Others,Others,Eastern Africa,Cluster1
T084,183.6666667,122,2.777777778,16.51111111,103.2222222,258.25,61.4,0.174679943,2.629313874,47,98.5,51.5,26.4,7.9,2,4,Higly branched,Sparse,White,Indeterminated,White,Others,White,Eastern Africa,Cluster2
T085,155.5555556,103.5555556,1.777777778,11.72222222,93.44444444,186.5,36.8,0.189473684,2.232528507,66.5,112.5,46,25.2,7,2,4,Moderately Branched,Sparse,White,Indeterminated,White,Others,White,Eastern Africa,Cluster2
T086,190.1,144.6,8,20.87,88.3,364.25,19.09887755,0.059935927,2.5,53,97.5,44.5,24.2,7.18,1,4,Higly branched,Sparse,White,Indeterminated,White,Others,White,Northern Africa,Cluster1
T087,187.1111111,127.6666667,6.111111111,18.16666667,80,389,23.8,0.061182519,2.801808717,68,116,48,24.6,7.28,1,4,Higly branched,Sparse,White,Indeterminated,Light Brown,Others,Others,Northern Africa,Cluster1
T088,137.9,119.6,7.5,12.49,82,164,9.8,0.059756098,3.25747694,42.5,95.5,53,28.4,8.22,1,4,Higly branched,Sparse,White,Indeterminated,White,Others,White,Northern Africa,Cluster2
T089,169.8,155.1,7.1,14.59,84.8,207.5,19.3,0.093012048,3.39951255,45,113.5,68.5,26.8,8.12,1,4,Higly branched,Sparse,White,Indeterminated,Composite,Others,Others,Northern Africa,Cluster2
T090,136.3333333,145.2222222,6.777777778,14.02222222,83.11111111,216,27.02,0.081944444,2.969313874,43,90,47,22.6,7.68,1,4,Higly branched,Sparse,White,Indeterminated,Light Brown,Others,Others,Northern Africa,Cluster2
T091,163.4285714,127.4285714,9.857142857,20.07142857,38.55555556,437.5,16.9,0.03045045,2.652760847,50,114.5,64.5,21.33333333,7.7,1,4,Extremely branched,Sparse,White,Indeterminated,Dark Brown,Others,Others,Northern Africa,Cluster1
T092,157.7,83.2,8.4,22.36,36.8,430.25,3.825,0.007334631,2.18,44.5,99.5,55,24.8,8.3,1,4,Extremely branched,Sparse,White,Indeterminated,Brown,Others,Others,Northern Africa,Cluster1
T093,162.2222222,136.6666667,9,16.25555556,62.22222222,263,9.5,0.036121673,3.28788733,50,96.5,46.5,25.4,7.36,1,4,Extremely branched,Sparse,White,Indeterminated,Brown,Others,Others,Northern Africa,Cluster2
T094,153.9,148,9.1,15.04,68,252,37.83,0.077777778,2.934522864,71.5,111.5,40,29.4,7.66,1,4,Extremely branched,Sparse,White,Indeterminated,Brown,Others,Others,Northern Africa,Cluster2
T095,171.2222222,111.8888889,6.777777778,15.97777778,66.77777778,248,6.5,0.025896414,3.0338237,58,98.5,40.5,22,7.28,1,4,Higly branched,Sparse,White,Indeterminated,White,Others,White,Northern Africa,Cluster1
T096,136.5,159.625,6.75,16.075,53.2,331,38.6,0.117596154,2.849742167,45.5,93,47.5,27.66666667,8.166666667,1,4,Higly branched,Sparse,White,Indeterminated,Composite,Others,Others,Northern Africa,Cluster2
T097,174,105.875,5.375,23.6,43.9,316,2.8,0.008860759,2.64094454,84.5,126.5,42,19,7.533333333,1,4,Higly branched,Sparse,White,Indeterminated,Brown,Others,Others,Eastern Africa,Cluster1
T098,148.3333333,92.11111111,5.444444444,17.3,52.77777778,284.75,13.02,0.042453988,2.00143199,50,99.5,49.5,21.6,7.48,1,4,Higly branched,Sparse,White,Indeterminated,White,Others,White,Western Africa,Cluster1
T099,168.5,80.3,5.5,18.46,50.7,317,10.435,0.031802508,1.87412551,50.5,98,47.5,21.8,7.32,1,4,Higly branched,Sparse,White,Indeterminated,Composite,Others,Others,Western Africa,Cluster1
T100,198.2,166.4,8.4,21.01,63.4,492.75,3.4,0.011505922,1.68556509,54.5,102,47.5,18.8,6.88,1,4,Higly branched,Sparse,White,Indeterminated,White,Others,White,Western Africa,Cluster1
T101,184.2,55.4,7.6,17.5,32.85714286,270,1.2,0.004444444,1.40963631,56,103.5,47.5,23.66666667,7.333333333,1,4,Moderately Branched,Sparse,White,Indeterminated,White,Others,White,Western Africa,Cluster1
T102,169.7,103.8,6.6,22.98,55.3,561.5,9.9,0.026902174,2.35502335,51.5,98.5,47,20.4,7.36,1,4,Higly branched,Sparse,White,Indeterminated,White,Others,White,Western Africa,Cluster1
T103,164,78.11111111,2,15.83333333,99.66666667,250.5,37.66,0.148048781,3.12268593,44,84.5,40.5,27.8,8.34,1,4,Moderately Branched,Profuse,White,Indeterminated,White,Others,White,Western Africa,Cluster3
T104,162.8,82,2.1,14.6,93.6,227.5,31.035,0.151111111,2.922706557,46,96.5,50.5,25.2,7.72,1,4,Moderately Branched,Sparse,White,Indeterminated,White,Others,White,Western Africa,Cluster2
T105,157.625,102.625,2.5,15.575,80.875,221.25,24.225,0.114590164,2.66633917,47,95,48,24,8.04,2,4,Moderately Branched,Sparse,White,Indeterminated,Composite,Others,Others,Western Africa,Cluster2
T106,155.1,31.7,10.5,19.93,28.5,332,0.8,0.003212851,1.83,52,106,54,14.4,6.64,1,4,Extremely branched,Sparse,White,Indeterminated,White,Others,White,Western Africa,Cluster1
T107,187.6,58.2,6.2,16.86,32,386.1,5.537216981,0.054570816,1.944,42,90,48,23.30560748,8.061333333,1,4,Moderately Branched,Glabrous,White,Indeterminated,White,Others,White,Western Africa,Cluster1
T108,144.875,113.875,9.5,14.2,42,340.5,3.3,0.012177122,2.38478342,50.5,101.5,51,19.4,8.24,1,4,Extremely branched,Sparse,White,Indeterminated,Composite,Others,Others,Western Africa,Cluster1
T109,137.4,113.1,6.4,13.53,50.5,292,14.8,0.050684932,1.941870597,50,102,52,19.2,8.46,1,8,Higly branched,Sparse,White,Indeterminated,White,Others,White,Western Africa,Cluster1
T110,153.75,100.125,7.625,16.2,65.5,289,25.675,0.082674419,2.359793734,49,101,52,19.8,8.44,1,4,Higly branched,Sparse,White,Indeterminated,White,Others,White,Western Africa,Cluster1
T111,155.7777778,156,5.777777778,18.03333333,78.77777778,494.25,9.8,0.042888403,2.575561295,47.5,95,47.5,23.6,7.7,1,4,Higly branched,Sparse,White,Indeterminated,White,Others,White,Western Africa,Cluster2
T112,162.4,116.9,2.4,14.18,99.6,337.25,11.9,0.043351548,2.895561295,45.5,98,52.5,26.2,8.02,3,4,Moderately Branched,Sparse,White,Indeterminated,Composite,Others,Others,Western Africa,Cluster2
T113,194,118.9,4.2,18.18,115.8,509,40.3,0.085200846,2.505057013,46,95.5,49.5,23.6,7.48,1,4,Higly branched,Sparse,White,Indeterminated,Dark Brown,Others,Others,Western Africa,Cluster2
T114,160.7,186.5,3.8,21.62,95.3,336.5,22.5,0.066864785,2.62909457,70.5,114.5,44,22.8,6.92,3,4,Higly branched,Sparse,White,Indeterminated,White,Others,White,Western Africa,Cluster2
T115,164.9,153.5,3.2,17.36,93.8,300.25,48.3,0.135864979,2.546839657,49,95,46,23,7.34,2,4,Higly branched,Sparse,White,Indeterminated,White,Others,White,Western Africa,Cluster2
T116,167.625,118.25,5.375,17.85,65.11111111,606,23.64,0.04669967,2.28298774,54,98,44,23.25,7.15,1,4,Higly branched,Sparse,White,Indeterminated,White,Others,White,Western Africa,Cluster1
T117,184,62.2,4,15.58,44.4,665,5.537216981,0.045231164,2.28,88,125,37,23.30560748,7.288666667,1,4,Moderately Branched,Glabrous,White,Indeterminated,Light Yellow,Others,Others,Northern Africa,Cluster1
T118,171.5,29,2.166666667,15.43333333,23.75,380.5,6.6,0.011458333,2.28645534,55,102,47,28,7.55,1,4,Higly branched,Sparse,White,Indeterminated,Brown,Others,Others,Northern Africa,Cluster1
T119,163.1,78.1,4.1,17.15,56.2,265,21.5,0.072881356,2.440691574,48.5,98.5,50,26.4,7.22,1,4,Higly branched,Sparse,White,Indeterminated,White,Others,White,Northern Africa,Cluster2
T120,102.5,125.3,2.8,13.51,67.7,453,63.1,0.139293598,2.854762794,40.5,92.5,52,27.6,7.44,2,4,Higly branched,Sparse,White,Indeterminated,White,Others,White,Northern Africa,Cluster2
T121,180.5714286,164.4285714,6.857142857,21.7,42.5,408.5,28.29,0.040146879,1.875623175,50.5,98,47.5,22.5,6.15,1,4,Higly branched,Sparse,White,Indeterminated,White,Others,White,Northern Africa,Cluster1
T122,177,24.16666667,5.6,19.18333333,33.625,392,1.38,0.006887755,2.00286398,54.5,99.5,45,24.33333333,7.433333333,1,4,Higly branched,Sparse,White,Indeterminated,Composite,Others,Others,Northern Africa,Cluster1
T123,174.625,71.375,7.25,18.9375,38.5,488.5,6,0.012282497,1.64215178,54,97.5,43.5,22,7.466666667,1,4,Extremely branched,Sparse,White,Indeterminated,White,Others,White,Northern Africa,Cluster1
T124,156.1666667,90,3.666666667,14.13333333,66.375,189.25,13.545,0.078501144,2.37322767,61,105,44,23.66666667,7.6,1,4,Higly branched,Sparse,White,Indeterminated,Light Brown,Others,Others,Northern Africa,Cluster1
T125,172.5,69.75,3,15.9375,60.3,275.5,15.3,0.05553539,1.886730005,50,95.5,45.5,23.66666667,8.166666667,1,4,Moderately Branched,Sparse,White,Indeterminated,White,Others,White,Northern Africa,Cluster1
T126,193.6666667,121.3333333,5.777777778,23.68888889,56.4,438,5.3,0.012100457,2.061945513,51.5,107,45,24.25,7.825,1,4,Moderately Branched,Sparse,White,Indeterminated,White,Others,White,Northern Africa,Cluster1
T127,168.1428571,111,5.857142857,20.78571429,44.66666667,333.5,19.09887755,0.053146448,1.96,52.5,99.5,47,20.33333333,6.466666667,2,4,Moderately Branched,Sparse,White,Indeterminated,White,Others,White,Northern Africa,Cluster1
T128,213.2,188.8,8,23.54,75.8,507.75,18.215,0.028861518,1.928200525,53,108,55,19.97222222,7.240666667,1,4,Higly branched,Sparse,White,Indeterminated,Brown,Others,Others,Northern Africa,Cluster1
T129,192.4444444,133.3333333,4.444444444,23.91111111,105.1111111,391.5,18.56,0.043167305,2.010732827,51,99.5,48.5,23.4,7.4,1,4,Moderately Branched,Sparse,White,Indeterminated,White,Others,White,Northern Africa,Cluster1
T130,165.2857143,94.28571429,3.285714286,15.17142857,54.55555556,241.75,23.7,0.12248062,2.650910877,70.5,111.5,41,21.33333333,7.4,1,4,Moderately Branched,Sparse,White,Indeterminated,White,Others,White,Northern Africa,Cluster1
T131,181.25,159.125,6,18.1875,60.8,332.5,26.6,0.08,2.08526328,71.5,113.5,42,21.66666667,6.9,1,4,Higly branched,Sparse,White,Indeterminated,Light Brown,Others,Others,Northern Africa,Cluster1
T132,184.7777778,91,6.777777778,22.11111111,50.66666667,288.5,7.5,0.025996534,1.78280969,75.5,117,41.5,26.6,7.06,1,4,Higly branched,Sparse,White,Indeterminated,White,Others,White,Northern Africa,Cluster1
T133,172.1428571,58.14285714,3.142857143,15.04285714,41.7,424,7.985,0.017924528,1.8148453,75,115,40,25.5,7.2,1,4,Higly branched,Sparse,White,Indeterminated,White,Others,White,Northern Africa,Cluster1
T134,199,127.6,5.4,22.9,43.625,363.5,26.1,0.071117166,2.365461957,71,117.5,46.5,27,7.55,1,4,Higly branched,Sparse,White,Indeterminated,White,Others,White,Northern Africa,Cluster1
T135,167.5,105.8333333,6.666666667,18.91666667,40.875,294.75,13.2,0.048979592,1.91712084,68.5,119.5,51,20,7,1,4,Higly branched,Sparse,White,Indeterminated,White,Others,White,Northern Africa,Cluster1
T136,187.375,92.75,4.875,22.3375,64.25,578.5,9.445,0.030423509,2.04047227,77,118,41,27,7.28,1,4,Higly branched,Sparse,White,Indeterminated,White,Others,White,Northern Africa,Cluster1
T137,151.25,234,5.875,18.5375,65.75,376,51.535,0.132577938,2.694084257,70.5,115.5,45,22,8.02,3,4,Higly branched,Sparse,White,Indeterminated,Composite,Others,Others,Northern Africa,Cluster2
T138,182.1666667,119.6666667,4.166666667,22.25,63.375,285.5,17.6,0.05398773,2.35843666,48.5,95,46.5,23.33333333,7.9,1,4,Higly branched,Sparse,White,Indeterminated,White,Others,White,Northern Africa,Cluster1
T139,219.2,130,5.8,22.42,59.71428571,483,13.825,0.047619048,2.45526328,73,114.5,41.5,25.66666667,7.5,1,4,Higly branched,Sparse,White,Indeterminated,White,Others,White,Northern Africa,Cluster1
T140,198.2857143,51.57142857,6.285714286,20.48571429,69.8,310.5,1.6,0.005152979,2.48,71.5,117,45.5,23.4,7.7,1,4,Higly branched,Sparse,White,Indeterminated,Brown,Others,Others,Northern Africa,Cluster1
T141,191.25,74.375,6,18.5125,70.375,333,8.9,0.025,2.097758124,73,118,45,23.8,7.78,1,4,Higly branched,Sparse,White,Indeterminated,Brown,Others,Others,Northern Africa,Cluster1
T142,200.3333333,121.7777778,7.555555556,17.64444444,82.44444444,396,10,0.025510204,1.819711227,72.5,117.5,45,23.4,7.44,1,4,Higly branched,Sparse,White,Indeterminated,Brown,Others,Others,Northern Africa,Cluster1
T143,193.8,111.4,7,16.25,70.7,477.5,9.2,0.021904762,1.978457287,71,117.5,46.5,24,7.36,1,4,Higly branched,Sparse,White,Indeterminated,Light Brown,Others,Others,Northern Africa,Cluster1
T144,194.75,30.375,9.625,17.4,17,556,0.6,0.001079137,2.404844249,79.5,121,41.5,24.33333333,7.4,1,4,Higly branched,Sparse,White,Indeterminated,Light Yellow,Others,Others,Northern Africa,Cluster1
T145,151.3333333,111,5.888888889,14.07777778,67.55555556,337.5,19,0.056296296,2.447518194,75.5,116,40.5,19.4,8.28,1,4,Higly branched,Sparse,White,Indeterminated,White,Others,White,Northern Africa,Cluster1
T146,161.5555556,115.8888889,7.333333333,15.12222222,41.6,407.5,7.1,0.026296296,2.219934325,72,118,46,21.25,7.975,1,4,Higly branched,Sparse,White,Indeterminated,Composite,Others,Others,Northern Africa,Cluster1
T147,147.3333333,115.3333333,6.333333333,13.31666667,55.57142857,268.75,54.3,0.210873786,2.90250788,56.5,110.5,54,22,6.75,1,4,Higly branched,Sparse,White,Indeterminated,Red Brown,Others,Others,Northern Africa,Cluster2
T148,181.2222222,89.88888889,3,18.91111111,59.6,484,11.985,0.039669421,1.98819673,50,100.5,50.5,23.25,7.125,1,4,Monobranching,Sparse,White,Indeterminated,Composite,Mono- or di-branched,Others,Northern Africa,Cluster1
T149,173,66.875,2.125,12.65,70.8,264,23.6,0.089393939,2.34047227,69,122.5,53.5,26.33333333,8.066666667,1,4,Monobranching,Sparse,White,Indeterminated,Dark Brown,Mono- or di-branched,Others,Northern Africa,Cluster1
T150,190.7142857,60.71428571,5.714285714,15.72857143,47.66666667,268,3.5,0.013059701,1.3,73,117,44,22,6.933333333,1,4,Moderately Branched,Sparse,White,Indeterminated,Brown,Others,Others,Northern Africa,Cluster1
T151,195.2,105.9,5,17.16666667,82.6,304,10.1,0.033223684,2.044584744,77,123,46,20.6,7.46,1,4,Higly branched,Sparse,White,Indeterminated,Brown,Others,Others,Northern Africa,Cluster1
T152,188.6,64.6,4.6,16.32,75.8,301,6.255,0.020930233,1.54532516,73,119.5,46.5,19.6,7.28,1,4,Higly branched,Sparse,White,Indeterminated,Brown,Others,Others,Northern Africa,Cluster1
T153,190.7,57.6,5.6,15.36,64.4,303.5,9.6,0.029813665,2.597758124,73,120,47,24.2,7.66,1,4,Higly branched,Sparse,White,Indeterminated,Red Brown,Others,Others,Northern Africa,Cluster1
T154,194.3333333,78.66666667,8.111111111,20.5,56.11111111,530.5,5.5,0.010367578,1.712929655,75.5,120,44.5,25.4,6.9,1,4,Higly branched,Sparse,White,Indeterminated,Brown,Others,Others,Northern Africa,Cluster1
T155,205,173.2,8.3,23.93,72.9,312,0.9,0.002884615,2.16238412,72.5,120,47.5,23,7.26,1,4,Higly branched,Sparse,White,Indeterminated,Brown,Others,Others,Northern Africa,Cluster1
T156,182.25,138.75,8,21.925,54.6,384.5,3.5,0.009102731,2.10921074,46.5,97.5,51,22,7.933333333,1,4,Higly branched,Sparse,White,Indeterminated,Brown,Others,Others,Northern Africa,Cluster1
T157,188.5,74.6,5,17,74.6,355.5,11.3,0.03265896,1.464166764,72,120,48,22.4,7.48,1,4,Higly branched,Sparse,White,Indeterminated,Brown,Others,Others,Northern Africa,Cluster1
T158,177.75,55.375,7.25,18.8375,59.55555556,349,2.5,0.005980861,2.01756976,71,117.5,46.5,23.25,7.45,1,4,Higly branched,Sparse,White,Indeterminated,Brown,Others,Others,Northern Africa,Cluster1
T159,200.4,76.5,9.6,21.96,58.2,375,9.8,0.026133333,2.138751507,72.5,119,46.5,21.6,7.5,1,4,Extremely branched,Sparse,White,Indeterminated,Light Yellow,Others,Others,Northern Africa,Cluster1
T160,197,62.8,7.4,17.86,43.42857143,464,7.1,0.015301724,2.04909457,71.5,116.5,45,24.66666667,7.4,1,4,Higly branched,Sparse,White,Indeterminated,Brown,Others,Others,Northern Africa,Cluster1
T161,186.3,116.6,8.2,17.43,77.7,437.5,9.87,0.022155173,1.76188091,67,121.5,54.5,19,6.9,1,4,Higly branched,Sparse,White,Indeterminated,Brown,Others,Others,Northern Africa,Cluster1
T162,199.5,107.2,12.2,29.07,52,508,2.6,0.00511811,2.44597548,51,98.5,47.5,22.2,7.24,1,4,Extremely branched,Sparse,White,Indeterminated,White,Others,White,Northern Africa,Cluster1
T163,188.3,57.5,7.6,18.08,51.2,643,16.5,0.036995516,2.33274781,62,117,55,21.4,6.98,1,4,Higly branched,Sparse,White,Indeterminated,Brown,Others,Others,Northern Africa,Cluster1
T164,169.4,87.9,8,20.26,61,367,8.8,0.023529412,1.789036485,52,105,53,20.4,8.4,1,4,Higly branched,Sparse,White,Indeterminated,Light Brown,Others,Others,Northern Africa,Cluster1
T165,196.4,92.5,8.8,18.25,70.5,526,12.5,0.023764259,1.87526328,71.5,119.5,48,19.6,6.84,1,4,Extremely branched,Sparse,White,Indeterminated,Light Brown,Others,Others,Northern Africa,Cluster1
T166,186.375,108.875,6.625,17.525,88.125,392,28.8,0.073469388,2.6765791,55,115.5,60.5,25.4,7.46,1,4,Higly branched,Sparse,White,Indeterminated,Brown,Others,Others,Northern Africa,Cluster2
T167,185.3,72.7,7.4,21.26,66.55555556,548,8,0.01459854,2.09957443,56,104.5,48.5,23,7.66,1,4,Higly branched,Sparse,White,Indeterminated,Light Brown,Others,Others,Central Africa,Cluster1
T168,129.875,112,2.75,12.35,74.4,231.75,8.4,0.060649819,2.554564117,46,112,66,22.66666667,6.666666667,2,4,Higly branched,Sparse,White,Indeterminated,Composite,Others,Others,Northern Africa,Cluster2
T169,160.5,62.25,5.125,20.425,48.6,692.5,0.4,0.000577617,2.04,52.5,98.5,46,21.33333333,6.766666667,2,4,Extremely branched,Sparse,White,Indeterminated,White,Others,White,Eastern Africa,Cluster1
T170,168.7,149.1,7.5,13.87,66.3,282,12.8,0.045390071,2.451150807,71,123,52,22.6,7.34,1,4,Higly branched,Sparse,White,Indeterminated,Black,Others,Black,Eastern Africa,Cluster1
T171,216.6666667,77.66666667,5,20,51.2,410,8.2,0.02,2.10921074,62,112,50,24.33333333,7.2,1,4,Higly branched,Sparse,White,Indeterminated,Light Brown,Others,Others,Eastern Africa,Cluster1
T172,212.6666667,42.22222222,5.777777778,18.67777778,55.7,440,2.6,0.005909091,2.715603093,69,120.5,51.5,26.25,8.525,1,4,Higly branched,Sparse,White,Indeterminated,White,Others,White,Eastern Africa,Cluster1
T173,189.75,25.375,5.375,17.875,39.9,529.5,1.3,0.002771855,2.24,68.25,118.25,50,23,7.9,1,4,Higly branched,Sparse,White,Indeterminated,Light Brown,Others,Others,Eastern Africa,Cluster1
T174,201.2,33,5.8,24.32,30.57142857,328,0.4,0.001219512,2.331563572,75,118,43,25,7.833333333,1,4,Moderately Branched,Sparse,White,Indeterminated,Composite,Others,Others,Eastern Africa,Cluster1
T175,192.3333333,64.44444444,6.888888889,22.03333333,54.9,450,9.1,0.020222222,2.55232224,66,119,53,31.25,6.65,1,4,Higly branched,Sparse,White,Indeterminated,Light Brown,Others,Others,Eastern Africa,Cluster1
T176,104.7,150.4,2.9,12.625,78.4,239.5,50.245,0.188880597,2.273875267,40,98,58,27,8,3,4,Moderately Branched,Sparse,White,Indeterminated,White,Others,White,Northern Africa,Cluster3
T177,183.5,115.6,8.7,18.15,75.2,322,5.5,0.017080745,2.72544133,65,106.5,41.5,24,7.46,1,4,Extremely branched,Sparse,White,Indeterminated,Light Yellow,Others,Others,Northern Africa,Cluster1
T178,140.7,138.2,5.4,11.58,94,243.25,41.705,0.168523003,2.635910877,58.5,105.5,47,27.2,8.08,1,4,Higly branched,Sparse,White,Indeterminated,Brown,Others,Others,Northern Africa,Cluster2
T179,158.4444444,125.2222222,8,13.22222222,74.55555556,387,7.4,0.054618474,2.18068126,65.5,109.5,44,27.4,7.88,1,4,Higly branched,Sparse,White,Indeterminated,Brown,Others,Others,Northern Africa,Cluster1
T180,181.2222222,164.5555556,7.444444444,16.64444444,102.6666667,348.75,35.575,0.085145631,2.745561295,56,105,49,22.6,7.46,1,4,Higly branched,Sparse,White,Indeterminated,White,Others,White,Northern Africa,Cluster2
T181,182.2222222,128.6666667,6.888888889,20.02222222,98.11111111,278.5,27.675,0.100106383,2.684005545,61.5,117.5,56,23.6,7.6,1,4,Higly branched,Sparse,White,Indeterminated,Light Brown,Others,Others,Northern Africa,Cluster2
T182,161.75,94.875,5.75,15.125,64.8,791,4.4,0.003691275,2.86202802,61.5,118.5,57,24,7.833333333,1,4,Extremely branched,Sparse,White,Indeterminated,White,Others,White,Northern Africa,Cluster1
T183,183,80.75,2.125,13.475,121.625,138,32.48,0.033333333,2.6707122,59.5,108,48.5,31.4,10.18,1,4,Moderately Branched,Sparse,White,Indeterminated,Brown,Others,Others,Northern Africa,Cluster3
T184,188.7,5.1,9.9,17.59,60.2,510.25,5.537216981,0.019703234,2.323839112,44,90,46,20,6.7,1,4,Higly branched,Sparse,White,Indeterminated,White,Others,White,Eastern Africa,Cluster1
T185,193.5,11.5,4.125,20.8,84.875,390,0.5,0.001282051,2.721019225,54.5,92,37.5,19,8.9,1,4,Higly branched,Sparse,White,Indeterminated,Dark Brown,Others,Others,Eastern Africa,Cluster1
T186,156.3,38.1,7.1,13.16,54.7,256,3.3,0.0125,2.20370753,53,90.5,37.5,23.6,8.26,1,4,Extremely branched,Sparse,White,Indeterminated,White,Others,White,Eastern Africa,Cluster1
T187,170.2,2.3,10,15.96,122.375,313,5.537216981,0.056159511,2.889714263,48,93,42,29.43333333,7.534666667,1,4,Extremely branched,Sparse,White,Indeterminated,White,Others,White,Eastern Africa,Cluster2
T188,182.8,14.3,11.3,18.08,102.7,347.5,0.2,0.00057554,2.31960537,38,84,38,29.43333333,7.84,1,4,Extremely branched,Sparse,White,Indeterminated,White,Others,White,Eastern Africa,Cluster1
T189,208.75,22,8,18.25,37.4,346,1.3,0.003757225,2.325722942,54.5,96.5,42,18.5,7.5,1,4,Higly branched,Sparse,White,Indeterminated,White,Others,White,Eastern Africa,Cluster1
T190,202.1111111,10.66666667,10.22222222,22.32222222,60.8,354,0.4,0.001129944,2.135511675,55,103,48,20,7.8,1,4,Extremely branched,Sparse,White,Indeterminated,Light Brown,Others,Others,Eastern Africa,Cluster1
T191,208.2222222,24.77777778,9.25,26.37777778,27.1,470.25,1,0.001611604,2.150731309,53,103.5,50.5,20.25,9.325,1,4,Extremely branched,Sparse,White,Indeterminated,White,Others,White,Eastern Africa,Cluster1
T192,184,45.33333333,5.333333333,21.05,28.375,340,0.4,0.001176471,2,54.5,100.5,46,22.66666667,8.466666667,1,4,Higly branched,Sparse,White,Indeterminated,White,Others,White,Eastern Africa,Cluster1
T193,175.8,31.4,5.4,18.3,14.55555556,535.5,6.1,0.011391223,2.38843666,51,101.5,50.5,23,7.3,1,4,Higly branched,Sparse,White,Indeterminated,Dark Brown,Others,Others,Eastern Africa,Cluster1
T194,194.7777778,78.44444444,11.66666667,22.37777778,41.4,427.75,2.1,0.004610318,1.990856917,51,97,46,21.25,8.525,1,4,Extremely branched,Sparse,White,Indeterminated,White,Others,White,Eastern Africa,Cluster1
T195,190,40.125,11.75,20.0125,37,503.85,7.64,0.013326986,2.06,53,98.5,45.5,18.75,6.65,1,4,Higly branched,Sparse,White,Indeterminated,White,Others,White,Eastern Africa,Cluster1
T196,213.625,78.75,7.875,21.8125,62.71428571,356.5,3.8,0.010659187,2.07376182,69,118,49,22.2,7.85,1,4,Higly branched,Sparse,White,Indeterminated,Brown,Others,Others,Eastern Africa,Cluster1
T197,177,2.625,5.125,18.6,48.5,476,0.1,0.000210084,2.442315177,60,103.5,43.5,21.80782313,7.6,1,4,Higly branched,Sparse,White,Indeterminated,White,Others,White,Eastern Africa,Cluster1
T198,171.375,9,12.375,20.5,47.2,284.5,5.537216981,0.003656658,2.042002393,83,119.5,44,21.80782313,7.250333333,1,4,Higly branched,Sparse,White,Indeterminated,White,Others,White,Eastern Africa,Cluster1
T199,193.625,28.875,10.375,21.05,23.4,664.75,5.975,0.006649388,2.16,71.5,113,41.5,23.33333333,6.8,1,4,Extremely branched,Sparse,White,Indeterminated,White,Others,White,Eastern Africa,Cluster1
T200,150.6666667,27.16666667,6,19.53333333,63.125,223.5,41.41284615,0.056750031,2,80,120,48,22.50833333,7.414666667,1,4,Moderately Branched,Sparse,White,Indeterminated,White,Others,White,Central Africa,Cluster1
T201,157.8333333,76.5,6.833333333,24.56666667,35.28571429,258,0.9,0.003488372,2.2,69.5,121.5,52,22.25,7.575,2,4,Higly branched,Sparse,White,Indeterminated,White,Others,White,Central Africa,Cluster1
T202,154.7142857,48.28571429,4.428571429,16.11428571,35.11111111,212.5,0.7,0.003181818,2.98,70.5,119,48.5,15.66666667,6.333333333,1,4,Higly branched,Sparse,White,Indeterminated,White,Others,White,Central Africa,Cluster1
T203,185.375,81.25,6.375,19.8375,52.5,664,3.1,0.004668675,2.05603736,66,118.5,52.5,17.66666667,7.033333333,1,4,Higly branched,Sparse,White,Indeterminated,White,Others,White,Central Africa,Cluster1
T204,192.75,19.25,3.625,18.3875,28.1,372,0.3,0.000806452,2.095687332,64.5,114,49.5,20.66666667,7.533333333,1,4,Higly branched,Sparse,White,Indeterminated,White,Others,White,Central Africa,Cluster1
T205,192.125,110.125,9,20.875,42.8,705.5,2.1,0.004929577,2.31095213,54.5,103,48.5,19,7.1,1,4,Higly branched,Sparse,White,Indeterminated,Composite,Others,Others,Eastern Africa,Cluster1
T206,157.6666667,101.5,2.5,17.21666667,70.875,184,21.5,0.116847826,2.433426347,47.5,108.5,61,23,6.9,1,4,Moderately Branched,Sparse,White,Indeterminated,White,Others,White,Central Africa,Cluster2
T207,186.5,47,10.55555556,18.51,42,364,0.825,0.003349282,2.08,49,102.5,53.5,25,7.84,1,4,Extremely branched,Sparse,White,Indeterminated,White,Others,White,Central Africa,Cluster1
T208,137.8,118.9,5.1,15.83,70.7,289.5,34.71,0.074265976,2.641589414,57.5,110.5,53,27.6,8.94,1,4,Higly branched,Sparse,White,Indeterminated,Composite,Others,Others,Northern Africa,Cluster2
T209,153.75,127,7.375,15.9,74.75,180,8.9,0.049444444,2.548796555,40.5,91.5,38,22.6,7.18,1,4,Higly branched,Sparse,White,Indeterminated,Light Brown,Others,Others,Northern Africa,Cluster2
T210,158.125,117.125,6.5,13,79.77777778,180.5,24.59,0.109141274,2.66202802,60.5,116.5,56,24.5,7.775,1,4,Higly branched,Sparse,White,Indeterminated,Brown,Others,Others,Northern Africa,Cluster2
T211,168.75,101.875,8.375,19.6125,46.55555556,318,7.3,0.022955975,2.408974605,65,121,56,20.25,7.6,1,4,Higly branched,Sparse,White,Indeterminated,Dark Brown,Others,Others,Eastern Africa,Cluster1
T212,165.625,88.625,2.75,17.1,75.33333333,302,11.305,0.040653153,2.175722514,60,118.5,58.5,21.5,6.85,1,4,Higly branched,Sparse,White,Indeterminated,Brown,Others,Others,Eastern Africa,Cluster1
T213,140.8,131.3,2.9,11.87,86.4,193,31.5,0.163212435,2.75292586,65.5,107,41.5,23.2,5.92,2,4,Higly branched,Sparse,White,Indeterminated,Light Brown,Others,Others,Eastern Africa,Cluster2
T214,147,135.4,5.1,16.52,80.5,282.5,41.3,0.1652,2.989971784,65,105.5,40.5,27,8.5,3,4,Higly branched,Sparse,White,Indeterminated,Light Brown,Others,Others,Western Africa,Cluster2
T215,165.2,100.9,9,20.79,66.4,488,4.6,0.00942623,2.07376182,71,112.5,41.5,19.2,6.78,1,4,Higly branched,Sparse,White,Indeterminated,Light Brown,Others,Others,Eastern Africa,Cluster1
T216,146.3,112.6,6.7,16.06,43,404.25,14.8,0.043085881,2.71202802,69,119.5,50.5,21.6,8.34,1,4,Higly branched,Sparse,White,Indeterminated,White,Others,White,Northern Africa,Cluster1
T217,166.875,68.375,4.5,14.5,48.2,358,15.375,0.077374302,1.90640105,53.5,102,48.5,22,7.166666667,1,4,Moderately Branched,Sparse,White,Indeterminated,Composite,Others,Others,Western Africa,Cluster1
T218,162.125,77.625,2.25,14.4125,51.8,238,12.09,0.049159664,2.0607122,73,116.5,43.5,23.66666667,11.43333333,1,4,Monobranching,Sparse,White,Indeterminated,Black,Mono- or di-branched,Black,Eastern Africa,Cluster1
T219,179.8,136.7,7.3,16.64,67.6,414,17.7,0.042753623,2.869533177,69,120.5,51.5,24.8,7.68,1,4,Higly branched,Sparse,White,Indeterminated,White,Others,White,Northern Africa,Cluster1
T220,156,104.4285714,7.285714286,18.57142857,43.25,199,10.8,0.041860465,1.77256976,72,119,47,20.5,7.65,1,4,Higly branched,Sparse,White,Indeterminated,Light Yellow,Others,Others,Northern Africa,Cluster1
T221,194.6666667,110.7777778,5.444444444,17.56666667,56.5,447,23.91,0.05699284,2.859454465,52.5,103.5,51,24.25,6.925,1,4,Higly branched,Sparse,White,Indeterminated,Composite,Others,Others,Western Africa,Cluster1
T222,179.5714286,31.42857143,4.428571429,19.58571429,34.22222222,336.5,1.315,0.004263566,1.34,67.5,116,48.5,24.66666667,7.166666667,1,4,Higly branched,Sparse,White,Indeterminated,Black,Others,Black,Western Africa,Cluster1
T223,192.8,107,6.2,16.14,46.6,219.65,19.09887755,0.062072956,2.392918583,40,79,39,23.30560748,6.762666667,1,4,Moderately Branched,Medium,White,Indeterminated,White,Others,White,Western Africa,Cluster1
T224,218.6,59.7,11.3,22.34,57.1,735.5,1.8,0.002447315,2.463741622,68.5,118,49.5,25.6,7.56,1,4,Extremely branched,Sparse,White,Indeterminated,White,Others,White,Western Africa,Cluster1
T225,198.5,69.625,6.125,20.625,49.4,573.5,31.8,0.062721893,2.85363806,50.5,115.5,65,24.66666667,6.833333333,1,4,Higly branched,Sparse,White,Indeterminated,White,Others,White,Western Africa,Cluster1
T226,144.5,78.25,2.5,10.675,61.75,226.8,41.41284615,0.128469882,1.82,48,122,74,26.26153846,8.918666666,1,4,Moderately Branched,Medium,White,Indeterminated,Black,Others,Black,Western Africa,Cluster2
T227,209.1111111,87.33333333,6.444444444,17.2,71.9,524,58.2,0.082313433,2.90478342,56,115.5,59.5,23.75,8.225,1,4,Higly branched,Sparse,White,Indeterminated,Brown,Others,Others,Northern Africa,Cluster2
T228,199.4,132.2,4.4,18.18,71.85714286,192,15.52,0.078995216,2.407518194,72.5,123,50.5,23.33333333,7.566666667,1,4,Higly branched,Sparse,White,Indeterminated,Composite,Others,Others,Northern Africa,Cluster1
T229,184,89.88888889,2.333333333,19.11111111,98.66666667,368.5,26.6,0.072184532,2.367977427,61,113,52,34.2,8.7,1,4,Moderately Branched,Sparse,White,Indeterminated,Black,Others,Black,Northern Africa,Cluster2
T230,206.5555556,55.11111111,6.222222222,19.27777778,65.4,421.25,7.68,0.021767956,2.04,76,122.5,46.5,23.4,7.9,1,4,Higly branched,Sparse,White,Indeterminated,Composite,Others,Others,Northern Africa,Cluster1
T231,212.2222222,100,6.111111111,18.52222222,74.33333333,434.5,17,0.039125432,2.10095213,42.5,102.5,60,22.4,7.62,2,4,Higly branched,Sparse,White,Indeterminated,Composite,Others,Others,Northern Africa,Cluster1
T232,192.9,113.2,3.9,16.21,61.8,268,22.5,0.083955224,2.461829344,47,109.5,62.5,22,6.92,1,4,Moderately Branched,Sparse,White,Indeterminated,Light Brown,Others,Others,Northern Africa,Cluster2
T233,211.75,114.625,6.375,21.825,56.33333333,393.5,11.315,0.040660737,1.83,57,110.5,53.5,23.5,6.925,1,4,Higly branched,Sparse,White,Indeterminated,Brown,Others,Others,Northern Africa,Cluster1
T234,180.4,65.9,2.4,16.07,71.1,420,4.2,0.01,2.20777875,47,115,68,24.6,7.86,1,4,Moderately Branched,Sparse,White,Indeterminated,Dark Brown,Others,Others,Northern Africa,Cluster1
T235,196.625,24.375,8.375,18.6125,24.1,414.5,0.7,0.001688782,2.570649231,63,105,42,20,7.766666667,1,4,Higly branched,Sparse,White,Indeterminated,Brown,Others,Others,Eastern Africa,Cluster1
T236,189.1666667,35.33333333,10.2,19.28333333,21.625,400.5,6.4,0.015980025,2.11807297,49.5,96.5,47,23,6.8,1,4,Higly branched,Sparse,White,Indeterminated,White,Others,White,Eastern Africa,Cluster1
T237,144.2222222,119.4444444,6.111111111,13.23333333,95.22222222,312,36.745,0.12724359,2.665900564,50,101.5,51.5,26.6,7.14,1,4,Higly branched,Sparse,White,Indeterminated,Light Brown,Others,Others,Central Africa,Cluster2
T238,127.8333333,181.1666667,5.833333333,15.1,53.88888889,224,38.9,0.173660714,2.90430356,40.5,90,49.5,28.5,7.55,1,4,Higly branched,Sparse,White,Indeterminated,Brown,Others,Others,Northern Africa,Cluster2
T239,136.375,154.625,6.625,16.3625,68.77777778,362,32.86,0.101637631,2.810211714,46,106.5,60.5,20.25,7.525,1,4,Higly branched,Sparse,White,Indeterminated,Black,Others,Black,Eastern Africa,Cluster2
T240,138.5555556,180.8888889,3.888888889,14.78888889,90,329,54.6,0.165957447,3.106558474,47,101.5,54.5,31,7.46,2,4,Higly branched,Sparse,White,Indeterminated,White,Others,White,Eastern Africa,Cluster2
T241,96.6,139.9,1,13.28,73.4,165.5,67.335,0.391808511,2.580900564,54.5,102,47.5,26.4,7.98,2,4,Bi branched,Sparse,White,Indeterminated,Brown,Mono- or di-branched,Others,Eastern Africa,Cluster3
T242,147.3333333,152.5555556,2.444444444,14.12222222,103.6666667,226.25,47.995,0.206531532,2.31819673,67,112,45,24,7.22,2,4,Moderately Branched,Sparse,White,Indeterminated,White,Others,White,Eastern Africa,Cluster2
T243,176.8,149.7,5.2,15.19,92.8,456.25,53.235,0.121028708,2.661568787,45.5,94,48.5,23.8,7.48,1,4,Higly branched,Sparse,White,Indeterminated,Black,Others,Black,Eastern Africa,Cluster2
T244,138.5555556,100,3.444444444,12.55555556,82.9,176,30.555,0.229801588,2.94133917,69,116,47,26.5,7.875,1,4,Higly branched,Sparse,White,Indeterminated,Brown,Others,Others,Eastern Africa,Cluster2
T245,161.6666667,184,6.333333333,17.05,81.875,414.75,55,0.106899903,2.759553804,43.5,105,61.5,24.66666667,6.566666667,1,4,Higly branched,Sparse,White,Indeterminated,Brown,Others,Others,Eastern Africa,Cluster2
T246,123.8888889,152.7777778,8.444444444,14.12222222,78.22222222,323.75,34.1,0.146666667,3.50058085,49.5,101.5,52,26.4,7.18,1,4,Higly branched,Sparse,White,Indeterminated,Brown,Others,Others,Northern Africa,Cluster2
T247,144.5555556,174.8888889,7,17.51111111,83.88888889,436,42.9,0.098394495,2.54161004,63.5,106,42.5,27.2,6.94,1,4,Higly branched,Sparse,White,Indeterminated,Black,Others,Black,Northern Africa,Cluster2
T248,135,112.4,3.3,12.47,96.1,122,35.7,0.292622951,2.875900564,49.5,91.5,42,29.6,7.72,1,4,Higly branched,Sparse,White,Indeterminated,Brown,Others,Others,Eastern Africa,Cluster3
T249,124.5555556,114.7777778,5.555555556,12.33333333,77.88888889,282,73.6,0.260992908,3.194940844,45.5,92,46.5,29.6,7.38,1,4,Higly branched,Sparse,White,Indeterminated,Brown,Others,Others,Eastern Africa,Cluster3
T250,152.3,165.2,6.7,16.13,96.5,452,81.595,0.198451327,2.782706557,44.5,92,47.5,26.2,7.54,1,4,Higly branched,Sparse,White,Indeterminated,Black,Others,Black,Eastern Africa,Cluster2
T251,147.6,147,5.4,13.21,98.3,332,48.5,0.146084337,2.74544133,49.5,92,42.5,28,7.12,1,4,Higly branched,Sparse,White,Indeterminated,Brown,Others,Others,Eastern Africa,Cluster2
T252,129.2222222,146.7777778,5.444444444,15.51111111,64.2,226,39.4,0.174336283,2.567497567,71.5,115.5,44,20.25,7.5,1,4,Higly branched,Sparse,White,Indeterminated,Composite,Others,Others,Eastern Africa,Cluster2
T253,172.875,150.375,5.125,17.5625,85.4,500,51.91,0.092,2.34,72,117.5,45.5,19.66666667,6.966666667,1,4,Higly branched,Sparse,White,Indeterminated,Brown,Others,Others,Eastern Africa,Cluster2
T254,160.6666667,181.3333333,8.555555556,18.85555556,70.66666667,347.25,35.69,0.104492558,2.771568787,48.5,101,52.5,19.6,8.3,1,4,Higly branched,Sparse,White,Indeterminated,Composite,Others,Others,Eastern Africa,Cluster2
T255,129.6,123.4,7.3,14.11,74.2,272,26.7,0.098161765,3.283703735,46,99,53,20.4,7.52,1,4,Extremely branched,Sparse,White,Indeterminated,Brown,Others,Others,Eastern Africa,Cluster2
T256,153.1111111,141.2222222,5.555555556,15.2,85.11111111,292.25,18.4,0.052646638,2.527278264,48.5,99.5,51,21.8,6.02,1,4,Higly branched,Sparse,White,Indeterminated,Brown,Others,Others,Northern Africa,Cluster2
T257,122.2222222,127.8888889,4.888888889,12.77777778,77,172.5,43.185,0.208695652,3.006777777,66.5,108,41.5,25.8,7.22,1,4,Higly branched,Sparse,White,Indeterminated,Light Yellow,Others,Others,Eastern Africa,Cluster2
T258,145.5,144.7,7.6,15.57,88.8,176.5,14.4,0.081586402,2.658974605,51,92.5,41.5,23.2,7.3,1,4,Higly branched,Sparse,White,Indeterminated,Brown,Others,Others,Eastern Africa,Cluster2
T259,155.25,167.75,7.625,15.4875,91.75,280.5,34.4,0.139837398,2.878155477,41.5,87,45.5,26.6,8.28,1,4,Higly branched,Sparse,White,Indeterminated,Composite,Others,Others,Eastern Africa,Cluster2
T260,183.125,93.2890873,15.5,20.475,56.1,287.5,5.537216981,0.011545489,2.655535784,73,110,37,22.99117647,6.906,1,4,Extremely branched,Sparse,White,Indeterminated,White,Others,White,Eastern Africa,Cluster1
T261,105.625,110,5.875,12.2,68.875,155.5,40.515,0.261282052,2.63,61.5,102,40.5,26.8,7.58,1,4,Higly branched,Sparse,Pink,Indeterminated,Brown,Others,Others,Northern Africa,Cluster3
T262,141.5555556,136.8888889,4.888888889,13.76666667,100.1111111,191.2,30.4,0.171364149,3.235739345,66.5,110,43.5,25.4,7.26,1,4,Higly branched,Sparse,White,Indeterminated,Brown,Others,Others,Northern Africa,Cluster2
T263,137.8888889,155.4444444,5.888888889,11.44444444,96.66666667,246,43.9,0.177342343,2.502466627,66,107.5,41.5,27.2,7.46,1,4,Higly branched,Sparse,White,Indeterminated,Brown,Others,Others,Northern Africa,Cluster2
T264,158.1,130.4,6.2,16.63,108.2,383.5,52.005,0.14246085,2.781349484,48.5,101.5,53,26.8,7.18,1,4,Higly branched,Sparse,White,Indeterminated,Brown,Others,Others,Northern Africa,Cluster2
T265,138.4285714,122.2857143,5,13.42857143,87,163.25,26.8,0.123787529,2.99813485,47.5,93,45.5,30,7.66,1,4,Higly branched,Sparse,White,Indeterminated,Brown,Others,Others,Northern Africa,Cluster2
T266,144,124.4,3.9,15.53,104.2,250,49.27,0.1556,2.632048647,64,108,44,27.2,7.28,1,4,Moderately Branched,Sparse,White,Indeterminated,Brown,Others,Others,Northern Africa,Cluster2
T267,155.6,143.6,8,14.8,96,196,41.41284615,0.14528874,3.052304649,67,109,42,29.6,7.32,1,4,Higly branched,Sparse,White,Indeterminated,Brown,Others,Others,Northern Africa,Cluster2
T268,119,92.8,6.6,12.4,72.8,166,22.2,0.13373494,3.34106071,64.5,110,45.5,25.8,7.06,1,4,Higly branched,Sparse,White,Indeterminated,Brown,Others,Others,Eastern Africa,Cluster2
T269,120.1111111,138.4444444,6.555555556,13.67777778,79.33333333,273,76.76,0.293460411,2.750879937,39.5,80.5,41,28.8,7.6,1,4,Higly branched,Sparse,White,Indeterminated,Brown,Others,Others,Northern Africa,Cluster3
T270,129.5,115,4.7,13.04,87.2,258,64.26,0.246666667,2.86816579,40.5,86.5,46,28,7.16,1,4,Higly branched,Sparse,White,Indeterminated,Brown,Others,Others,Northern Africa,Cluster3
T271,110,106.1111111,6.777777778,12.75555556,68.11111111,190,37.1,0.195263158,2.76681903,46.5,102.5,56,31.2,8.56,1,4,Higly branched,Sparse,White,Indeterminated,Brown,Others,Others,Northern Africa,Cluster3
T272,130.2,111.4,5.2,13.83,81.6,186,30.9,0.166129032,2.97496147,66,108.5,42.5,29.2,7.44,1,4,Higly branched,Sparse,White,Indeterminated,Brown,Others,Others,Northern Africa,Cluster2
T273,134.9,104.7,3.7,10.61,97.5,261.5,47.8,0.182791587,2.887497567,50.5,102.5,52,30.2,7.02,1,4,Higly branched,Sparse,White,Indeterminated,Brown,Others,Others,Southern Africa,Cluster2
T274,142.4,175.4,9,17.2,82.4,276,54.5,0.197463768,3.089964193,67.5,109,41.5,28.2,6.86,1,4,Higly branched,Sparse,White,Indeterminated,Brown,Others,Others,Eastern Africa,Cluster2
T275,139.8,140,5.7,11.36,94.9,279.5,38.145,0.135327103,2.93223701,67,111,44,27.6,7.66,1,4,Higly branched,Sparse,White,Indeterminated,Brown,Others,Others,Northern Africa,Cluster2
T276,150.8,138.8,4.6,14.67,96.3,388,64.3,0.165721649,2.79202802,60,108,48,28.8,7.32,1,4,Higly branched,Sparse,White,Indeterminated,Brown,Others,Others,Northern Africa,Cluster2
T277,134.5,266,7.5,20.4,84,378.25,55.1468,0.168165671,2.7,59,83,24,24.90909091,7.388,1,4,Moderately Branched,Profuse,White,Indeterminated,White,Others,White,Northern Africa,Cluster2
T278,95.75,74.75,3,9.1,53.8,169,38.825,0.237163462,2.884982097,41,88,47,26.26153846,8.696,1,4,Higly branched,Profuse,White,Indeterminated,Brown,Others,Others,Northern Africa,Cluster3
T279,111.6666667,58.66666667,2.333333333,8.9,32.14285714,174.75,31.855,0.165385357,2.734053317,53,107,54,26.26153846,7.672,1,4,Higly branched,Sparse,White,Indeterminated,Brown,Others,Others,Northern Africa,Cluster3
T280,137.9,129.3,3.8,14,89,178.5,14.9,0.083473389,2.588655964,52.5,109,56.5,29,8,1,4,Higly branched,Sparse,White,Indeterminated,Brown,Others,Others,Western Africa,Cluster2
T281,149.6,143.5,4.3,12.06,96.3,330.5,55.9,0.165744681,2.753594084,40,84,44,31.8,7.64,1,4,Higly branched,Sparse,White,Indeterminated,Brown,Others,Others,Western Africa,Cluster3
T282,163.6,116.2,4.9,16.67,102.6,214,54.195,0.11635514,3.14723701,48,110,62,26.4,8.28,1,4,Higly branched,Sparse,White,Indeterminated,Brown,Others,Others,Northern Africa,Cluster2
T283,163,138.8888889,3.444444444,16.56666667,102.5555556,276,40.1,0.145596027,2.94472154,49,102.5,53.5,30.2,8.38,1,4,Higly branched,Sparse,White,Indeterminated,Brown,Others,Others,Northern Africa,Cluster2
T284,166.75,161.5,4.375,16.3,111.75,239,43.255,0.170362695,3.00358377,62,104.5,42.5,30.2,8.06,1,4,Higly branched,Sparse,White,Indeterminated,Brown,Others,Others,Western Africa,Cluster2
T285,112.3,79.3,5,11.83,75.7,179.5,24.875,0.151682243,3.096668125,41,89.5,48.5,25.4,7.32,1,4,Higly branched,Sparse,White,Indeterminated,Brown,Others,Others,Northern Africa,Cluster3
T286,116.875,100.75,7.875,14.9625,69.875,179,8,0.117647059,3.11975248,41.5,83.5,42,27.2,7.3,1,4,Higly branched,Sparse,White,Indeterminated,Brown,Others,Others,Northern Africa,Cluster2
T287,138.3,136.4,7.4,13.94,82.1,280,52.2,0.186428571,3.302657713,62.5,105.5,43,24.6,6.96,1,4,Extremely branched,Sparse,White,Indeterminated,Black,Others,Black,Northern Africa,Cluster2
T288,126.25,89.5,6.75,12,69,128,21.8,0.1703125,3.31699708,62,106,44,28.2,7.7,1,4,Higly branched,Sparse,White,Indeterminated,Brown,Others,Others,Northern Africa,Cluster2
T289,142.3333333,177.4444444,7.333333333,14.41111111,89,293,23,0.123655914,3.04609924,64,108.5,44.5,29.4,7.6,1,4,Higly branched,Sparse,White,Indeterminated,Brown,Others,Others,Northern Africa,Cluster2
T290,153.1,97.5,4.2,11.21,99.1,231.25,50.47,0.219142857,3.270369137,41,84,43,33.6,7.56,1,4,Higly branched,Sparse,White,Indeterminated,Brown,Others,Others,Eastern Africa,Cluster3
T291,132.1111111,167.4444444,7.222222222,12.12222222,81.11111111,212,45,0.212264151,2.85400175,50.5,104.5,54,26.2,7.08,1,4,Higly branched,Sparse,White,Indeterminated,Brown,Others,Others,Northern Africa,Cluster2
T292,153.2857143,224.7142857,7.142857143,19.18571429,73.57142857,518.5,46.9,0.106108597,3.214742167,43,92.5,49.5,24.4,7.84,1,4,Higly branched,Sparse,White,Indeterminated,Brown,Others,Others,Eastern Africa,Cluster2
T293,140.2,157,6.3,17.44,92.2,198,26.9,0.135858586,3.7221366,49.5,88.5,39,28.4,7.86,1,4,Higly branched,Sparse,White,Indeterminated,Brown,Others,Others,Northern Africa,Cluster2
T294,122.4444444,125.7777778,6.333333333,14.07777778,77.55555556,200,21.595,0.086363637,2.795,64,104.5,40.5,27.2,8.12,1,4,Higly branched,Sparse,White,Indeterminated,Brown,Others,Others,Middle East,Cluster2
T295,116.3,126.4,4.7,15.06,88.4,245.25,41.17,0.167474542,3.033333334,38.5,82.5,44,15,11.78,1,4,Higly branched,Sparse,White,Indeterminated,Light Brown,Others,Others,Middle East,Cluster3
T296,194.7142857,120.8571429,5,22.21428571,88.14285714,422,6.91,0.02464455,2.18,56,115,59,22.2,7.16,2,4,Higly branched,Sparse,White,Indeterminated,Brown,Others,Others,Middle East,Cluster1
T297,138.2222222,107.2222222,4.555555556,10.93333333,85,254,26.4,0.167088608,3.06,56,113,57,30.25,7.325,1,4,Higly branched,Sparse,White,Indeterminated,Light Brown,Others,Others,Middle East,Cluster2
T298,94.9,101.2,5,11.19,70.7,161,32.1,0.162373738,2.918333334,57,113.5,56.5,23,6.88,1,4,Higly branched,Sparse,White,Indeterminated,Composite,Others,Others,Middle East,Cluster2
T299,149.8888889,138.3333333,5,15.72222222,96.2,276,34.41,0.140415431,2.335,49.5,113,63.5,24.75,7.65,1,4,Higly branched,Sparse,White,Indeterminated,Black,Others,Black,Middle East,Cluster2
T300,174.3,70.9,6.6,16.66666667,44.8,365,9.955,0.023958334,2.286666667,56,109.5,53.5,21.8,7.66,1,4,Higly branched,Sparse,White,Indeterminated,Black,Others,Black,Middle East,Cluster1
T301,149.6,167.6,4,14.88,71,172,22.5,0.130813953,2.98,43.5,95.5,52,23,7.633333333,1,4,Moderately Branched,Sparse,White,Indeterminated,Composite,Others,Others,Middle East,Cluster2
T302,145.4,104.3,5.3,13.61,83.5,268.25,29.665,0.111491713,3.1,59.5,115,55.5,23.8,7.92,1,4,Higly branched,Sparse,White,Indeterminated,Brown,Others,Others,Middle East,Cluster2
T303,122.8888889,97.11111111,4.888888889,12.91111111,80.11111111,251.25,49.705,0.199320389,2.87,45,100.5,55.5,28.4,8.1,1,4,Higly branched,Sparse,White,Indeterminated,Composite,Others,Others,Middle East,Cluster2
T304,147.9,123.4,8.2,14.55555556,86.4,238,11.4,0.064772727,3.031088927,65.5,106,40.5,23.2,7.66,1,4,Extremely branched,Sparse,White,Indeterminated,Composite,Others,Others,Northern Africa,Cluster2
T305,151.3,141.8,6,14.48,80.6,208,20.38,0.029807692,2.68089025,47.5,85.5,38,23.2,7.32,1,4,Higly branched,Sparse,White,Indeterminated,Brown,Others,Others,Northern Africa,Cluster2
T306,188.8888889,85.33333333,9.444444444,22.03333333,57.11111111,560,1.2,0.002142857,1.968642498,75.5,111,35.5,19.8,6.6,1,4,Extremely branched,Sparse,White,Indeterminated,Composite,Others,Others,Southern Asia,Cluster1
T307,176.2222222,85.66666667,8.111111111,19.81111111,55.11111111,484,5.9,0.012190083,3.0131582,76,112.5,36.5,17.6,7.06,1,4,Higly branched,Sparse,White,Indeterminated,Black,Others,Black,Southern Asia,Cluster1
T308,143.875,118,7.25,14.9875,45.5,501,47.59,0.101382979,2.963145164,62,108,46,28,7.4,1,4,Higly branched,Sparse,White,Indeterminated,Composite,Others,Others,Southern Asia,Cluster2
T309,166.1111111,119.3333333,9.555555556,24.81111111,41.77777778,716.25,52.735,0.05930622,2.445863105,50.5,92.5,42,23.2,6.56,1,4,Extremely branched,Sparse,White,Indeterminated,Composite,Others,Others,Southern Asia,Cluster1
T310,177.6666667,154.4444444,5,19.48888889,88.55555556,448,42.6,0.095089286,2.591568787,47.5,87,39.5,25.2,7.18,1,4,Higly branched,Sparse,White,Indeterminated,Composite,Others,Others,Southern Asia,Cluster2
T311,160.2,73.5,4.8,22.37,57.5,297,16.31,0.052619048,3.050869624,57.5,98.5,41,21.6,7.56,1,4,Higly branched,Sparse,White,Indeterminated,Light Gray,Others,Others,Southern Asia,Cluster1
T312,135.2222222,141.1111111,7.777777778,16.34444444,67.11111111,248,8.7,0.035080645,2.67975248,46.5,99.5,53,20.4,6.66,1,4,Extremely branched,Sparse,White,Indeterminated,White,Others,White,Southern Asia,Cluster2
T313,168.7777778,86.55555556,8.333333333,20.37777778,52.88888889,390,4.5,0.010465116,2.86268593,54.5,98,43.5,18.8,7.5,1,4,Higly branched,Sparse,White,Indeterminated,Composite,Others,Others,Southern Asia,Cluster1
T314,116.2,106,1.8,10.93,84.4,164.25,45.965,0.298328913,2.863145164,42.5,89,46.5,27.2,8.76,3,4,Moderately Branched,Sparse,White,Indeterminated,Light Gray,Others,Others,Eastern Asia,Cluster3
T315,109.2857143,126.8571429,4.857142857,14.42857143,50.8,256.25,48.98,0.195647059,3.02651722,68.5,116,47.5,21,8,1,4,Higly branched,Sparse,White,Indeterminated,Light Gray,Others,Others,Eastern Asia,Cluster2
T316,124.75,227,3.625,18.15,68.4,751,114.455,0.19241012,2.880629694,55.5,104.5,49,29,7.533333333,3,4,Higly branched,Sparse,White,Indeterminated,Light Gray,Others,Others,Eastern Asia,Cluster2
T317,139.3333333,213.6666667,8.111111111,19.34444444,87.22222222,507.25,103.105,0.199983678,3.125400077,54.5,100.5,46,22.2,6.86,1,4,Higly branched,Sparse,White,Indeterminated,Black,Others,Black,Eastern Asia,Cluster2
T318,111.5777778,116.7777778,1.571428571,13.44444444,71.8,121.5,20.65,0.165454546,2.389553804,69,103,34,28.5,6.825,2,4,Higly branched,Sparse,White,Indeterminated,Light Gray,Others,Others,Eastern Asia,Cluster3
T319,162.7777778,82.11111111,2.8,15.81111111,56.7,283.5,25.365,0.098412698,2.63178809,47.5,99.5,52,23,7.15,1,4,Bi branched,Sparse,White,Indeterminated,Light Yellow,Mono- or di-branched,Others,Northern America,Cluster2
T320,155.75,70.5,3.5,21.375,48,373.5,8.705,0.025162602,2.648045825,50.5,100.5,50,23.75,8.575,1,4,Higly branched,Sparse,White,Indeterminated,Composite,Others,Others,Northern America,Cluster1
T321,193.875,27.375,3.375,21.675,43.9,455,13.315,0.033441559,3.005081435,69,118.5,49.5,31.66666667,7.7,1,4,Moderately Branched,Sparse,White,Indeterminated,Light Brown,Others,Others,Northern America,Cluster1
T322,154.7777778,144,2.444444444,15.66666667,96.1,353,71.8,0.203399433,2.406140494,56.5,99,42.5,22,10.075,2,4,Higly branched,Sparse,White,Indeterminated,White,Others,White,Northern America,Cluster3
T323,180,47.33333333,1.333333333,16.9,37.77777778,260,3.9,0.015,2.4665791,61,101,40,25,8.25,1,4,Monobranching,Sparse,White,Indeterminated,Composite,Mono- or di-branched,Others,Northern America,Cluster1
T324,129.3,113.3,4.7,14.52,64.8,349.75,56.725,0.162968971,2.567487254,65.5,110,44.5,22,8.88,1,8,Higly branched,Sparse,White,Indeterminated,Black,Others,Black,Eastern Asia,Cluster2
T325,147.1111111,167.6666667,2.888888889,16.15555556,118.5555556,269.25,51.66,0.172911548,2.546938995,63,108.5,45.5,24.2,7,2,4,Moderately Branched,Sparse,White,Indeterminated,Composite,Others,Others,Eastern Asia,Cluster2
T326,166.875,149.625,6.375,26.275,69.25,320,16.39,0.0184375,2.40184997,47.5,91.5,44,24,7.92,1,4,Higly branched,Sparse,White,Indeterminated,Composite,Others,Others,Eastern Asia,Cluster1
T327,168.8888889,142.7777778,9.555555556,25.13333333,71.55555556,510.5,43.2,0.053598015,2.33592119,57.5,93,35.5,20.8,6.74,1,4,Extremely branched,Sparse,White,Indeterminated,Composite,Others,Others,Eastern Asia,Cluster1
T328,177.7777778,149.3333333,6.222222222,21.94444444,110.4444444,860,34.2,0.039767442,2.82154816,67.5,109,41.5,25.8,7.12,1,4,Higly branched,Sparse,White,Indeterminated,Black,Others,Black,Eastern Asia,Cluster1
T329,101.4,106,2.5,11.34,76.7,156.25,48.39,0.307786885,2.882466627,53,100,47,24.8,8.22,3,4,Moderately Branched,Sparse,White,Indeterminated,White,Others,White,Northern Africa,Cluster3
T330,153.5555556,106.8888889,8,20.62222222,71.33333333,359,25.75,0.08997992,2.649971784,69.5,109.5,40,25.4,8.22,1,4,Extremely branched,Sparse,White,Indeterminated,Composite,Others,Others,Northern Africa,Cluster1
T331,154.4,77.5,2.2,18.57777778,92.2,368.5,38.965,0.100380117,3.620770285,57.5,96,38.5,26.4,9.58,1,4,Moderately Branched,Sparse,White,Indeterminated,Brown,Others,Others,Northern Africa,Cluster2
T332,147.6,179.1,6.3,17.29,63.6,324,48.27,0.15308642,2.721666667,48.5,100,51.5,20.6,7.28,1,4,Higly branched,Sparse,White,Indeterminated,Composite,Others,Others,Southern Asia,Cluster2
T333,160.7,92,5.3,16.66,58,326,14,0.051470588,2.005,48,94,46,23.2,6.88,1,4,Higly branched,Sparse,White,Indeterminated,Composite,Others,Others,Southern Asia,Cluster1
T334,156.6,164,5.4,16.46,47.57142857,285.75,42.02,0.154178515,2.188333334,71,116.5,45.5,24.33333333,6.666666667,1,4,Higly branched,Sparse,White,Indeterminated,White,Others,White,Southern Asia,Cluster2
T335,174.5,81,1.75,14.7375,97.3,341,31.495,0.094685864,3.2525,69,116,47,31.66666667,10.1,1,4,Higly branched,Sparse,White,Indeterminated,Composite,Others,Others,Southern Asia,Cluster2
T336,121,105.3,6.1,12.16,76.2,227.5,52.24,0.226857143,2.778333334,40,81.5,41.5,27,7.38,1,4,Higly branched,Sparse,White,Indeterminated,Composite,Others,Others,Eurasia,Cluster3
T337,149.7777778,146.7777778,6.666666667,16.24444444,89.6,372.5,68.49,0.180522388,2.338333334,52.5,108,55.5,23.25,8.125,1,4,Higly branched,Sparse,White,Indeterminated,Light Gray,Others,Others,Eurasia,Cluster2
T338,147.4,128.5,5,14.2,85.4,308.4,29.9,0.181186467,2.678333334,54,101,47,25.2,7.08,1,4,Higly branched,Sparse,White,Indeterminated,Light Yellow,Others,Others,Eurasia,Cluster2
T339,125.8888889,124.5555556,7.222222222,12.32222222,73,391.5,65.475,0.226819923,3.128333334,43.5,90,46.5,31.8,8.12,1,4,Higly branched,Sparse,White,Indeterminated,Composite,Others,Others,Eurasia,Cluster2
T340,139.3333333,184.6666667,6.444444444,16.25555556,85.11111111,178,62.71,0.156741573,2.815,57,101.5,44.5,28.2,8.14,1,4,Higly branched,Sparse,White,Indeterminated,White,Others,White,Eurasia,Cluster2
T341,175.75,104.25,5.625,19.375,49.55555556,417.5,7.7,0.018333333,2.8,63,116,53,23,8.05,1,4,Higly branched,Sparse,White,Indeterminated,Brown,Others,Others,Eurasia,Cluster1
T342,137.5,129.6,7.7,15.64,77,394,86.8,0.221932908,3.051777777,40,95,55,24.8,7.14,1,4,Extremely branched,Sparse,White,Indeterminated,Black,Others,Black,Eastern Asia,Cluster2
T343,142.5555556,78.55555556,5.666666667,12.06666667,73.2,222.5,28.575,0.11011236,3.077915547,41,98,57,24.25,7.925,1,4,Higly branched,Sparse,Pink,Indeterminated,Black,Others,Black,Eastern Asia,Cluster2
T344,118.5555556,137.3333333,7.222222222,12.67777778,61.33333333,241.25,47.545,0.227051282,2.612487254,43,88.5,45.5,24.4,6.64,1,4,Higly branched,Sparse,White,Indeterminated,Light Gray,Others,Others,Eastern Asia,Cluster2
T345,132.1428571,206.2857143,4.285714286,22.4,81.85714286,250,48.67,0.1772,2.687278264,42,89.5,47.5,27.2,7.2,3,4,Moderately Branched,Sparse,White,Indeterminated,Composite,Others,Others,Eastern Asia,Cluster2
T346,139.3,107.7,6,12.41,76.6,228.75,57.35,0.250344828,2.936777777,64,108.8,44.8,22.4,7.04,1,4,Higly branched,Sparse,White,Indeterminated,Black,Others,Black,Eastern Asia,Cluster2
T347,156.6666667,114.7777778,6.666666667,21.43333333,62.66666667,384.5,26.685,0.067674419,2.88747694,64.5,107,42.5,17.8,6.58,1,4,Higly branched,Sparse,White,Indeterminated,Composite,Others,Others,Southern Asia,Cluster1
T348,157,110.6,2.8,15.77,103.8,319,46.26,0.150402299,2.74747694,67.5,106.5,39,21,7.2,2,4,Higly branched,Sparse,White,Indeterminated,Composite,Others,Others,Southern Asia,Cluster2
T349,111,145.6,6.3,14.66,77.9,331,42.67,0.118489584,2.90633917,38,88.5,50.5,24.6,7.6,1,4,Higly branched,Glabrous,White,Indeterminated,Composite,Others,Others,Southern Asia,Cluster2
T350,175.3333333,155,3.888888889,22.07777778,72.22222222,425.5,13.9,0.036968085,2.386938995,46.5,91.5,45,22,6.4,3,4,Moderately Branched,Medium,White,Indeterminated,Composite,Others,Others,Southern Asia,Cluster2
T351,148.9,129.4,4.9,14.69,98.9,492,75.4,0.153252033,3.024974507,64.5,106,41.5,27.8,6.6,1,4,Higly branched,Medium,White,Indeterminated,Brown,Others,Others,Middle East,Cluster2
T352,153.8888889,138.5555556,5.666666667,15.34444444,76.55555556,306,24.165,0.080093168,2.653604397,42,88.5,46.5,20,7.1,1,4,Higly branched,Sparse,White,Indeterminated,Brown,Others,Others,Middle East,Cluster2
T353,152.7777778,194.3333333,7.333333333,23.2,85.88888889,538,58.6,0.108921933,3.13722942,44.5,89.5,45,24,6.76,1,4,Higly branched,Medium,White,Indeterminated,White,Others,White,Middle East,Cluster2
T354,148.1666667,308,8.166666667,22.7,55.2,266,9,0.033834586,3.25243841,69.5,116,46.5,25,7.1,1,4,Higly branched,Medium,White,Indeterminated,Composite,Others,Others,Middle East,Cluster2
T355,170.5,115.125,4.5,15.1125,70.7,422,39.365,0.091232227,2.461829344,63,117,54,21.66666667,6.066666667,1,4,Higly branched,Medium,White,Indeterminated,Composite,Others,Others,Middle East,Cluster2
T356,183.8,138.6,8.6,27.36,69.85714286,300,22.2,0.074,3.249484333,56,105.5,49.5,24.66666667,6.8,1,4,Higly branched,Sparse,White,Indeterminated,Brown,Others,Others,Middle East,Cluster1
T357,144.3333333,223.6666667,9,15.91666667,87,252,15.7,0.062301587,2.762466627,63.5,106,42.5,20.8,7.36,1,4,Higly branched,Sparse,White,Indeterminated,Composite,Others,Others,Southern Asia,Cluster2
T358,93.4,168.6,2.3,13.4,59.4,188.75,48.175,0.226860465,3.428395407,43.5,85,41.5,18.2,7.74,3,4,Moderately Branched,Sparse,White,Indeterminated,Composite,Others,Others,Southern Asia,Cluster3
T359,156.7777778,188.6666667,7.888888889,22.48888889,64.33333333,372.5,36.215,0.098409091,2.6038237,46.5,91.5,45,24,6.98,1,4,Higly branched,Sparse,White,Indeterminated,Light Brown,Others,Others,Southern Asia,Cluster2
T360,111.8888889,171.3333333,7.111111111,18.38888889,50,401,60.045,0.151243781,3.112905234,44,87,43,22.4,7.38,1,4,Higly branched,Sparse,White,Indeterminated,Composite,Others,Others,Southern Asia,Cluster2
T361,164.125,165.125,6.5,14.5,96.875,311,28.93,0.101164773,2.836219205,40.5,88,47.5,23.8,7.32,1,4,Higly branched,Sparse,White,Indeterminated,Composite,Others,Others,Southern Asia,Cluster2
T362,175,312.1666667,10.16666667,26.66666667,95,380.5,30.7,0.077525253,3.259293247,44.5,93,48.5,25.6,7.84,1,4,Higly branched,Sparse,White,Indeterminated,Black,Others,Black,Southern Asia,Cluster2
T363,153.2222222,213.8888889,7.444444444,21.6,76.11111111,509.5,82.335,0.154090909,3.049491924,55.5,94,38.5,25.2,7.64,2,4,Higly branched,Profuse,White,Indeterminated,Composite,Others,Others,Southern Asia,Cluster2
T364,169.1111111,143.5555556,6.888888889,18.66666667,76.22222222,326,14.245,0.024846626,2.77585931,66,108,42,23.6,6.82,1,4,Higly branched,Sparse,White,Indeterminated,Light Brown,Others,Others,Southern Asia,Cluster1
T365,122.7,119.1,6,18.67,72,229,41.75,0.165595238,3.07358377,85,133.5,48.5,27.2,7.88,1,4,Higly branched,Sparse,White,Indeterminated,Composite,Others,Others,Southern Asia,Cluster2
T366,128.5714286,181.7142857,8.571428571,13.67142857,73.85714286,283.5,27.97,0.090873016,2.762627845,41,86,45,23.6,6.54,1,4,Higly branched,Sparse,White,Indeterminated,Composite,Others,Others,Southern Asia,Cluster2
T367,187.7142857,154.8571429,5.285714286,18.84285714,74.44444444,363,27.7,0.100362319,3.34992294,42,97,55,19.66666667,7.033333333,1,4,Higly branched,Sparse,White,Indeterminated,Composite,Others,Others,Middle East,Cluster2
T368,138.7777778,221.7777778,5.666666667,14.43333333,91.88888889,471.75,60.2,0.156975228,2.330691574,53.5,91,37.5,25.2,7.24,2,4,Higly branched,Sparse,White,Indeterminated,Light Gray,Others,Others,Eastern Asia,Cluster2
T369,128.4,143.8666667,3.733333333,13.78666667,85.2,375,72.925,0.189038462,2.876318544,42.5,88.5,46,27.8,7.76,1,4,Higly branched,Sparse,White,Indeterminated,White,Others,White,Eastern Asia,Cluster2
T370,147.125,284.375,9,14.4375,48.7,378,38.085,0.094444444,1.964584744,43,97,54,17.66666667,8.533333333,1,4,Higly branched,Sparse,White,Indeterminated,Black,Others,Black,Eastern Asia,Cluster2
T371,156.375,131.25,4.75,14.0125,86.375,264.75,51.805,0.187898551,2.57202802,64,113.5,49.5,23.2,7.18,1,4,Higly branched,Sparse,White,Indeterminated,Light Gray,Others,Others,Eastern Asia,Cluster2
T372,125.7142857,109.8571429,3.571428571,12.91428571,52.7,270,37.285,0.1375,2.99517046,43,98.5,55.5,19.5,6.75,1,4,Higly branched,Sparse,White,Indeterminated,Composite,Others,Others,Eastern Asia,Cluster2
T373,182.625,61.75,7.625,28.275,27.9,708.5,6.6,0.014285714,3.02609924,72.5,118,45.5,25.66666667,8,1,4,Higly branched,Sparse,White,Indeterminated,Light Gray,Others,Others,Southern Asia,Cluster1
T374,147.5,130.625,12.375,17.2375,38.2,405,15,0.037037037,2.050129207,45.5,98.5,53,19.33333333,5.866666667,1,4,Extremely branched,Sparse,White,Indeterminated,Composite,Others,Others,Southern Asia,Cluster1
T375,156.375,88,8,13.4,34.2,283,9.4,0.033215548,2.520910877,65,113,48,18,6.8,1,4,Higly branched,Sparse,White,Indeterminated,White,Others,White,Southern Asia,Cluster1
T376,176.6666667,106.5555556,7.888888889,16.01111111,53.6,560,15.82,0.036607143,2.758494745,57,101,44,24.25,7.65,1,4,Higly branched,Sparse,White,Indeterminated,Light Gray,Others,Others,Southern Asia,Cluster1
T377,132.125,85.125,5.5,15.5125,42.2,293,16.08,0.054398734,2.851666667,66.5,118.5,52,20.66666667,8,1,4,Higly branched,Sparse,White,Indeterminated,Composite,Others,Others,Southern Asia,Cluster1
T378,165,141.1666667,6.666666667,17.01666667,72.875,474.5,20.5,0.050122249,2.6925,47,98.5,51.5,20.66666667,7.233333333,1,4,Extremely branched,Sparse,White,Indeterminated,Brown,Others,Others,Southern Asia,Cluster2
T379,129.125,104.375,4.125,15.8625,58,230.75,39.885,0.164679301,2.72,64,112.5,48.5,23.33333333,7.033333333,1,4,Higly branched,Sparse,White,Indeterminated,Composite,Others,Others,Southern Asia,Cluster2
T380,170,52.7,5.9,14.22,51.5,377.5,6.4,0.016953642,1.745,55,100.5,45.5,21.8,6.8,1,4,Higly branched,Sparse,White,Indeterminated,Brown,Others,Others,Southern Asia,Cluster1
T381,178,103.1428571,8,16.42857143,47,332,7.96,0.036445783,1.995,44.5,95,50.5,21,6.133333333,1,4,Higly branched,Sparse,White,Indeterminated,Dark Brown,Others,Others,Southern Asia,Cluster1
T382,129.4,121.3,6.4,11.48,85.9,247.5,37.26,0.149042553,2.86,41,84,43,24.8,7.48,1,4,Higly branched,Sparse,White,Indeterminated,Composite,Others,Others,Middle East,Cluster2
T383,141.7777778,143.6666667,6.666666667,12.13333333,88.44444444,216,54.47,0.175,2.75,40.5,88.5,48,31.8,7.42,2,4,Higly branched,Sparse,White,Indeterminated,Composite,Others,Others,Middle East,Cluster3
T384,130.25,87.5,5.25,11.6375,79.5,179.5,33.24,0.186058201,3.068333334,50.5,90,39.5,26.8,8.3,1,4,Higly branched,Sparse,White,Indeterminated,Brown,Others,Others,Middle East,Cluster3
T385,170.6666667,218.5,6.333333333,18.16666667,79.75,413,58.29,0.114043584,2.631666667,42,96.5,54.5,23.33333333,7.2,1,4,Higly branched,Sparse,White,Indeterminated,Light Gray,Others,Others,Middle East,Cluster2
T386,159,157,4.1,16.3,111.1,505,109.34,0.226886793,2.755,63.5,103.5,40,31.2,7.48,3,4,Higly branched,Sparse,White,Indeterminated,Brown,Others,Others,Northern America,Cluster2
T387,156.1,146.7,9.3,16.81,61.9,335.5,37.575,0.109637681,2.63,65.5,106.5,41,22.8,7.64,1,4,Extremely branched,Sparse,White,Indeterminated,Light Brown,Others,Others,Northern America,Cluster2
T388,176.5555556,163.2222222,6.444444444,20.47777778,71.9,392.5,37.865,0.087272728,2.575,56,96,40,19,7.125,1,4,Higly branched,Sparse,White,Indeterminated,Light Gray,Others,Others,Northern America,Cluster2
T389,139,158.8,2.6,12.77,103.1,305.5,58.945,0.209431818,2.67,38,88.5,50.5,26.2,7.64,3,4,Higly branched,Sparse,White,Indeterminated,Light Gray,Others,Others,Northern America,Cluster3
T390,124,116.9,5.4,12.45,79.5,194.5,57.035,0.29371134,2.648333334,59,103,44,27.8,6.5,2,4,Higly branched,Sparse,White,Indeterminated,White,Others,White,Northern America,Cluster3
T391,165,158.6,5.6,16.26,40.75,298,25.72,0.095973154,2.383333334,63.5,118.5,55,34.5,6.6,1,4,Moderately Branched,Sparse,White,Indeterminated,Composite,Others,Others,Southern America,Cluster2
T392,147.75,114,3.5,13.0375,55.7,194,33.885,0.071134021,2.87,43.5,99.5,56,21.33333333,6.933333333,2,4,Higly branched,Sparse,White,Indeterminated,Composite,Others,Others,Southern America,Cluster2
T393,178.2,98,4.2,13.72,67.42857143,233.5,20.9,0.062951807,2.6825,44,101,57,22.66666667,7.866666667,1,4,Higly branched,Sparse,White,Indeterminated,Composite,Others,Others,Southern America,Cluster2
T394,107,116.75,1.75,12.1,76.25,179.25,48.1,0.269971989,2.898734675,59.5,106,46.5,30,9.92,3,4,Moderately Branched,Medium,White,Indeterminated,Black,Others,Black,Eastern Asia,Cluster3
T395,163.5,128.75,2.125,14.2125,119.375,310.5,71.855,0.223125,3.05720607,52,101.5,49.5,30.4,8.38,3,4,Moderately Branched,Medium,White,Indeterminated,Brown,Others,Others,Eastern Asia,Cluster3
T396,165.7,93.5,4.6,14.8,77.8,248,38.02,0.137903226,2.49137011,53,88.5,35.5,26.4,6.68,1,4,Higly branched,Medium,White,Indeterminated,Black,Others,Black,Eastern Asia,Cluster2
T397,135.6,85.7,1.4,11.23,92.4,204.75,53.475,0.280204082,2.499553804,51,89.5,38.5,25.2,7.78,2,4,Moderately Branched,Sparse,White,Indeterminated,White,Others,White,Eastern Asia,Cluster3
T398,153.8,106.5,1.2,11.88,114.5,155.5,27.87,0.223240741,2.734773107,63,103.5,40.5,27.8,10.18,3,4,Bi branched,Medium,White,Indeterminated,Black,Mono- or di-branched,Black,Eastern Asia,Cluster3
T399,128.5,134.5,3.1,12.17,91.3,273.5,64.295,0.245450451,3.114951157,51.5,89.5,38,28.4,8.62,2,4,Higly branched,Medium,White,Indeterminated,White,Others,White,Eastern Asia,Cluster3
T400,144.75,112.25,4,14.9625,97.875,197.5,47.385,0.236794872,3.027696244,45,87,42,27.8,8.64,3,4,Higly branched,Sparse,White,Indeterminated,White,Others,White,Eastern Asia,Cluster3
T401,145.7777778,102.6666667,2.888888889,15.52222222,94.88888889,202,42.5,0.21039604,2.947696244,60,102.5,42.5,28.6,8.8,2,4,Moderately Branched,Medium,White,Indeterminated,White,Others,White,Eastern Asia,Cluster3
T402,160.7,144.3,1.9,13.7,114.9,365.5,32,0.181818182,2.926328857,50.5,88.5,38,33.2,8.92,3,4,Moderately Branched,Medium,White,Indeterminated,White,Others,White,Eastern Asia,Cluster3
T403,78.83333333,149.9166667,1.916666667,11.48333333,60.58333333,162.5,48.27,0.278461539,2.46,63,98.5,35.5,26.8,8.74,3,4,Moderately Branched,Medium,Pink,Indeterminated,Brown,Others,Others,Eastern Asia,Cluster3
T404,122.7,122.7,2.1,12.98,91.3,205,63.2,0.306,2.884084257,60,105.5,45.5,28,9.52,3,4,Moderately Branched,Medium,White,Indeterminated,White,Others,White,Eastern Asia,Cluster3
T405,154.8571429,147.2857143,5.285714286,14.74285714,57.66666667,341.5,44.7,0.097598253,2.646666667,65.5,117.5,52,20.66666667,7.166666667,1,4,Higly branched,Sparse,White,Indeterminated,Composite,Others,Others,Unknown,Cluster2
T406,131.1,136.7,7.8,12.38,76.1,291,57.89,0.151202749,2.795,64.5,108,43.5,21,6.62,1,4,Extremely branched,Sparse,White,Indeterminated,Composite,Others,Others,Unknown,Cluster2
T407,112,118.1,6.1,12.215,64.1,200.5,47.95,0.238932039,2.491140494,71.5,112,40.5,27.4,7.78,3,4,Extremely branched,Medium,White,Indeterminated,White,Others,White,Eastern Asia,Cluster3
T408,90.4,101.3,1.1,12.56,57.7,199.5,47.245,0.237356322,2.755660634,67.5,105.5,38,30.4,9.46,3,4,Bi branched,Medium,White,Indeterminated,Brown,Mono- or di-branched,Others,Eastern Asia,Cluster3
T409,101.2,85.5,5.4,11.28,66.9,124.5,24.74,0.213888889,2.413457287,42,86,44,26.6,5.62,1,4,Higly branched,Medium,Pink,Indeterminated,White,Others,White,Eastern Asia,Cluster3
T410,92.65714286,88.78571429,4.5,11.32857143,50.42857143,325,69.94,0.22,2.02,62,100,38,29.4,6.86,1,4,Higly branched,Medium,White,Indeterminated,White,Others,White,Eastern Asia,Cluster2
T411,112.1,71.2,4.1,10.71,58.9,196.75,34.7,0.234911817,2.272079587,61,106,45,28.4,6.68,1,4,Higly branched,Medium,Pink,Indeterminated,Yellow,Others,Others,Eastern Asia,Cluster2
T412,120.7,108.1,6.1,14.46,61.4,293.5,40.195,0.06746167,2.435482584,59.5,100,40.5,25.8,7.72,1,4,Higly branched,Medium,Pink,Indeterminated,Black,Others,Black,Eastern Asia,Cluster2
T413,124.4444444,87.88888889,1.111111111,12.3,81.88888889,176,42.46,0.263636364,2.77089025,57,104.5,47.5,29.2,8,2,4,Bi branched,Medium,White,Indeterminated,Brown,Mono- or di-branched,Others,Eastern Asia,Cluster3
T414,146,89.5,1,10.31,102.8,166.5,66.04,0.256456456,2.73178809,62.5,105.5,43,25.8,8.08,2,4,Bi branched,Medium,White,Indeterminated,White,Mono- or di-branched,White,Eastern Asia,Cluster3
T415,106.5,113.7,1.4,12.06,84.5,147.75,36.23,0.218944223,2.51637011,43,85.5,42.5,25,9.68,3,4,Bi branched,Medium,White,Indeterminated,Brown,Mono- or di-branched,Others,Eastern Asia,Cluster3
T416,71.7,65.8,6.3,10.51,29.9,115.25,24.93,0.232709164,2.765,54.5,88,33.5,33.8,8.74,1,4,Higly branched,Sparse,Pink,Determinated,Composite,Others,Others,Unknown,Cluster3
T417,50.7,60.9,3.4,13.7,25.4,176.25,25.08,0.140727273,2.716666667,62.5,114.5,52,22,7.34,3,4,Moderately Branched,Sparse,White,Determinated,Composite,Others,Others,Unknown,Cluster3
T418,133.1111111,72.44444444,0.888888889,11.33333333,79.8,192.25,48.22,0.255809249,2.798333334,43,99,56,32,8.7,1,6,Bi branched,Sparse,White,Indeterminated,Composite,Mono- or di-branched,Others,Unknown,Cluster3
T419,122.4,142.6,10.9,12.51,48.2,264.75,33.945,0.127945892,1.863333334,64,104.5,40.5,15.2,5.88,1,4,Extremely branched,Sparse,White,Indeterminated,Composite,Others,Others,Unknown,Cluster1
T420,131.8888889,141.4444444,7,12.91111111,81,234,61.665,0.18974359,2.6475,41.5,88.5,47,34.6,7.08,2,4,Higly branched,Sparse,White,Indeterminated,Composite,Others,Others,Unknown,Cluster3
T421,156.5,198.25,5.75,15.28571429,60,392,52.775,0.116244542,3.148333334,44.5,97,52.5,28.66666667,6.566666667,2,4,Higly branched,Sparse,White,Indeterminated,Composite,Others,Others,Unknown,Cluster2
T422,92.375,126.375,5.5,12.425,41,201.5,1.225,0.01191067,2.16,67.5,115,47.5,30.5,6.875,1,4,Higly branched,Sparse,White,Indeterminated,Composite,Others,Others,Unknown,Cluster1
T423,107.5555556,125.3333333,4.888888889,14.58888889,53.7,330,64.49,0.195303031,2.495,42.5,98.5,56,24,7.1,1,4,Higly branched,Sparse,White,Indeterminated,Black,Others,Black,Unknown,Cluster2
T424,115.4,96.7,4.5,10.2,70,194.5,40.7,0.20826087,2.775,43.5,88.5,45,23.6,6.65,2,4,Higly branched,Sparse,White,Indeterminated,Composite,Others,Others,Eastern Asia,Cluster3
T425,106.9615385,68.46153846,5.230769231,12.52857143,65.14285714,150.5,19.705,0.127272728,2.446666667,43,90,47,24.2,6.72,1,4,Higly branched,Sparse,White,Indeterminated,Composite,Others,Others,Unknown,Cluster2
T426,69.1,81,2,9.12,52.9,117.75,41.815,0.354154229,2.58,62,106.5,44.5,20.6,8.02,3,4,Moderately Branched,Sparse,White,Indeterminated,Composite,Others,Others,Eastern Asia,Cluster3
T427,155.1,143.7,8.6,14.08,75.9,372.75,19,0.079002079,3.065,59.5,99,39.5,25,6.78,1,4,Extremely branched,Sparse,White,Indeterminated,Composite,Others,Others,Unknown,Cluster2
T428,64.8,110.7,2.1,10.75,47.2,128,48.8,0.330490196,2.518333334,42,84,42,20.8,8.38,3,4,Bi branched,Sparse,White,Indeterminated,Composite,Mono- or di-branched,Others,Eastern Asia,Cluster3
T429,152,38.6,6.6,16.66666667,47,271,41.41284615,0.083974887,2.243837302,39,88,49,33.66666667,4.4,1,4,Moderately Branched,Sparse,White,Indeterminated,Black,Others,Black,Southern Africa,Cluster2
T430,149.585,113.6576908,5.095121951,14.65219048,64.495,384.55,41.41284615,0.099240189,2.782760186,41,92,51,23.30560748,7.244,1,4,Bi branched,Sparse,Pink,Indeterminated,Black,Mono- or di-branched,Black,Southern Africa,Cluster2
T431,153.3,72.7,6.4,15.49,71.7,312.5,2.1,0.0075,1.78,51,98.5,47.5,20,8.1,1,4,Higly branched,Sparse,Pink,Indeterminated,Black,Others,Black,Southern Africa,Cluster1
T432,205,95.6,10.2,19.04,69.8,444.3,54.12,0.047614356,2.3,40,83,43,24.90909091,7.448,1,4,Moderately Branched,Medium,White,Indeterminated,Black,Others,Black,Central Africa,Cluster2
T438,171,397,6,25.9,77.80666667,490,19.09887755,0.101849049,3.02,42,89,47,23.34358974,7.328,1,4,Moderately Branched,Medium,White,Indeterminated,White,Others,White,Eastern Africa,Cluster2
T439,139.8,159,3.6,12.8,98,515,89.4,0.17,2.52,90,128,38,26.815625,6.962666667,1,4,Moderately Branched,Medium,White,Indeterminated,White,Others,White,Eastern Africa,Cluster2
T440,154,57,3,17.65,40.5,389.65,2.98,0.064978359,2.02,42,89,47,21.80782313,8.363666667,1,4,Moderately Branched,Medium,White,Indeterminated,White,Others,White,Western Africa,Cluster1
T441,156.5,30.5,2.75,13.85,52.75,235,5.6,0.02,1.96,38,74,36,21.80782313,7.808,1,4,Moderately Branched,Medium,White,Indeterminated,White,Others,White,Western Africa,Cluster1
T442,175.3333333,130,8.333333333,22.3,47,415.85,19.09887755,0.038820472,2.637914029,54,92,38,22.99117647,7.264,1,4,Moderately Branched,Medium,White,Indeterminated,White,Others,White,Western Africa,Cluster1
T443,167.1607143,129.0762963,5.329285714,15.36944444,69.09873016,239,41.41284615,0.165055474,2.85779062,39,90,51,27.96421569,6.844,2,4,Moderately Branched,Medium,White,Indeterminated,White,Others,White,Western Africa,Cluster2
T444,169.3333333,106.3333333,7.333333333,17.4,56.33333333,275,20.31,0.07,2.31,62,92,30,23.30560748,7.268,1,4,Moderately Branched,Medium,White,Indeterminated,White,Others,White,Western Africa,Cluster1
T445,162.4233333,129.0762963,6.580952381,17.85955556,70.06222222,297,41.41284615,0.207833017,3.094111013,40,81,41,30.58181818,7.55,1,4,Moderately Branched,Medium,White,Indeterminated,White,Others,White,Western Africa,Cluster2
TN01,208,76,7.6,18.4,84.6,401,8.6,0.021446384,2.723658687,53,107,54,20.8,8.8,1,4,Higly branched,Sparse,White,Indeterminated,Brown,Others,Others,Northern Africa,Cluster1
TN02,171.6,152.6,2.2,15.8,118,223,64.2,0.287892377,2.733333333,51,108,57,32,6.58,3,4,Bi branched,Sparse,White,Indeterminated,Composite,Mono- or di-branched,Others,Eastern Asia,Cluster2
TN03,106.8,119.2,6,12.8,63,157,32.9,0.20955414,2.703333333,45,88,43,29.2,8.84,3,4,Higly branched,Sparse,White,Indeterminated,Composite,Others,Others,Eastern Asia,Cluster3
TN04,133.8,87,10,13.2,71.6,210.5,26,0.123515439,3,45,88,43,26.2,7.28,1,4,Higly branched,Sparse,White,Indeterminated,Composite,Others,Others,Eastern Asia,Cluster2
TN05,123.8,129.6,5.2,12.6,64.8,127.5,48.7,0.381960784,2.476666667,45,80,35,28.8,7.44,3,4,Higly branched,Sparse,White,Indeterminated,Composite,Others,Others,Eastern Asia,Cluster3
TN06,131.2,80.4,1.6,15.8,93,298.9,55.04230769,0.099977541,3.122523875,47.4096892,86.94186047,48.26666667,34.8,9.4,3,4,Moderately Branched,Medium,White,Indeterminated,White,Others,White,Southern Africa,Cluster3
TN07,122.4,83.6,3,14.4,87.6,540,0.2,0.00037037,2.572149737,62,108,46,34.4,9.32,3,4,Higly branched,Sparse,Pink,Indeterminated,Black,Others,Black,Southern Africa,Cluster3
TN08,124.4,83.2,3,12.8,89.6,245,23.6,0.096326531,3.106666667,42,91,49,30.8,9.2,3,4,Bi branched,Medium,White,Indeterminated,White,Mono- or di-branched,White,Eastern Asia,Cluster3
TN09,124.4,91.6,5.2,12.2,64,194.5,34.3,0.176349614,3.273333333,38,81,43,29,8.34,1,4,Moderately Branched,Medium,White,Indeterminated,White,Others,White,Eastern Asia,Cluster3
TN10,110,95.4,3.8,10.8,83.6,197.5,37.2,0.18835443,2.7,41,86,45,26.4,8.78,3,4,Moderately Branched,Medium,White,Indeterminated,White,Others,White,Eastern Asia,Cluster3
TN11,115.6,73.4,1.6,11,81.2,185.5,25.2,0.135849057,2.486666667,42,84,42,29.8,9.74,1,4,Higly branched,Medium,White,Indeterminated,White,Others,White,Eastern Asia,Cluster3
TN12,122.6,63.4,0.6,10.8,87.8,102.5,12.4,0.12097561,2.766666667,37,79,42,24.4,9.16,3,4,Moderately Branched,Medium,Pink,Indeterminated,Black,Others,Black,Eastern Asia,Cluster3
TN13,116.6,111.4,3.2,11.6,82.2,130.5,29.4,0.225287356,2.606666667,41,88,47,27.8,9.26,3,4,Bi branched,Medium,White,Indeterminated,White,Mono- or di-branched,White,Eastern Asia,Cluster3
TN14,144,188.4,4.2,15.2,107.2,137.5,20.3,0.147636364,2.673333333,41,81,40,27.2,8.68,3,4,Monobranching,Medium,White,Indeterminated,White,Mono- or di-branched,White,Eastern Asia,Cluster3
TN15,146.4,120.2,3.6,11.4,84.2,145.5,25.8,0.177319588,2.74,41,81,40,26.4,8.42,3,4,Moderately Branched,Medium,Pink,Indeterminated,White,Others,White,Eastern Asia,Cluster3
TN16,113.8,97.6,1,11.4,80,278,53.5,0.192446043,2.653333333,42,87,45,27,9.08,3,4,Moderately Branched,Medium,White,Indeterminated,White,Others,White,Eastern Asia,Cluster3
TN17,156.2,115.2,3,11.8,102.6,200.5,38.2,0.190523691,2.973333333,42,86,44,27.8,8.2,3,4,Moderately Branched,Medium,White,Indeterminated,White,Others,White,Eastern Asia,Cluster3
TN18,123.75,76.5,2.75,9.75,82.25,139.5,33,0.23655914,3.3,42,85,43,31,9.65,3,4,Monobranching,Medium,White,Indeterminated,White,Mono- or di-branched,White,Eastern Asia,Cluster3
TN19,97.66666667,101.8333333,2.666666667,11,61.33333333,295,48.2,0.163389831,2.993333333,42,91,49,26,10.1,3,4,Moderately Branched,Medium,White,Indeterminated,White,Others,White,Eastern Asia,Cluster3
TN20,109.75,92,0.75,10.75,73.75,215,42.1,0.195813953,3.286666667,42,91,49,26.25,10.85,3,4,Bi branched,Sparse,White,Indeterminated,Black,Mono- or di-branched,Black,Eastern Asia,Cluster3
TN21,128.8333333,93.66666667,1.166666667,11.83333333,91.5,208.5,40.9,0.19616307,3.006666667,43,91,48,28.83333333,10,3,4,Moderately Branched,Sparse,White,Indeterminated,Black,Others,Black,Eastern Asia,Cluster3
TN22,106.8,76.4,2.2,11.2,71.8,202.5,53.9,0.26617284,3.146666667,42,91,49,28.6,9.52,3,4,Monobranching,Medium,White,Indeterminated,Yellow,Mono- or di-branched,Others,Eastern Asia,Cluster3
TN23,131.6,107.8,2.4,12.2,81.4,196.5,40.4,0.205597964,2.833333333,42,91,49,24.8,10.66,3,4,Monobranching,Medium,White,Indeterminated,White,Mono- or di-branched,White,Eastern Asia,Cluster3
TN24,136.6,104.8,3,10.8,91.4,124,13.1,0.105645161,3.14,42,84,42,25.8,9.02,3,4,Bi branched,Sparse,White,Indeterminated,Black,Mono- or di-branched,Black,Eastern Asia,Cluster3
TN25,113.4,81.8,2.6,10.2,84.2,172,34.5,0.200581395,3.156666667,42,87,45,27.8,9.36,3,4,Bi branched,Medium,White,Indeterminated,White,Mono- or di-branched,White,Eastern Asia,Cluster3
TN26,113.4,74.8,1.8,11.2,76,144.5,34.4,0.238062284,2.663333333,42,85,43,30.2,10.4,3,4,Moderately Branched,Medium,White,Indeterminated,White,Others,White,Eastern Asia,Cluster3
TN27,99.4,98.4,4.2,12.2,75,104,27,0.259615385,2.57,42,85,43,33.8,7.82,3,4,Moderately Branched,Medium,White,Indeterminated,White,Others,White,Eastern Asia,Cluster3
TN28,132.4,109.4,2.2,14.2,97,158,31.9,0.201898734,3.106666667,42,91,49,28.6,9.64,3,4,Bi branched,Medium,White,Indeterminated,White,Mono- or di-branched,White,Eastern Asia,Cluster3
TN29,103.4,95.4,2.4,11.8,67.8,127,29,0.228346457,2.903333333,42,84,42,28.6,9.56,3,4,Moderately Branched,Medium,White,Indeterminated,Black,Others,Black,Eastern Asia,Cluster3
TN30,101.8,101.6,2.6,11.8,65.2,240,46.6,0.194166667,3.08,42,93,51,27.6,9.1,3,4,Bi branched,Medium,White,Indeterminated,White,Mono- or di-branched,White,Eastern Asia,Cluster3
TN31,111,96.2,1.2,14.6,67.8,132.5,16.2,0.122264151,3.246666667,42,91,49,25.6,8.76,3,4,Bi branched,Sparse,Pink,Indeterminated,Black,Mono- or di-branched,Black,Eastern Asia,Cluster3
TN32,133,101.6,1.4,14.8,95.6,134,25.4,0.189552239,2.933333333,42,81,39,30.4,10.18,3,4,Moderately Branched,Medium,White,Indeterminated,White,Others,White,Eastern Asia,Cluster3
TN33,114.4,93.2,1.6,12,84.4,165,3.72,0.022545455,2.788648373,42,91,49,31.2,9.42,3,4,Monobranching,Medium,White,Indeterminated,White,Mono- or di-branched,White,Eastern Asia,Cluster3
TN34,120,81.4,1.6,11.8,88.4,209.5,38.3,0.234026623,2.95112259,43,85,42,26.2,7.36,3,4,Monobranching,Medium,White,Indeterminated,White,Mono- or di-branched,White,Eastern Asia,Cluster3
TN35,119.4,93.2,2.6,11.2,85.2,142,32.9,0.231690141,2.812280987,42,91,49,28,10.06,3,4,Bi branched,Medium,White,Indeterminated,White,Mono- or di-branched,White,Eastern Asia,Cluster3
TN36,155.8,130.2,6.8,16.6,90.6,183,30.8,0.168306011,3.338106633,42,88,46,26.4,8.34,3,4,Bi branched,Medium,White,Indeterminated,White,Mono- or di-branched,White,Eastern Asia,Cluster3
TN37,125.2,120.4,4,11.4,87.4,111,33.8,0.304504505,2.894995133,42,91,49,28.2,9.5,3,4,Moderately Branched,Medium,White,Indeterminated,White,Others,White,Eastern Asia,Cluster3
TN38,136,105,4.4,12.2,95.4,314,32.5,0.103503185,2.912719593,42,87,45,26.2,9.08,1,4,Higly branched,Medium,White,Indeterminated,Black,Others,Black,Eastern Asia,Cluster3
TN39,158,95.8,3.8,13.6,110.2,204,44.3,0.217156863,2.97770928,42,85,43,25,8.66,3,4,Moderately Branched,Medium,White,Indeterminated,White,Others,White,Eastern Asia,Cluster3
TN40,149.6,102,0,11,95,165.5,18.5,0.111782477,2.912719593,42,84,42,27.8,9.46,3,4,Moderately Branched,Sparse,White,Indeterminated,White,Others,White,Eastern Asia,Cluster3
TN41,126.8,105.8,3.8,14.4,83.6,210,32.5,0.154761905,3.078147887,42,87,45,27.6,10.04,3,4,Moderately Branched,Sparse,White,Indeterminated,Black,Others,Black,Eastern Asia,Cluster3
TN42,137.2,150.6,5,14.4,103.8,233.9,50.5,0.158273697,3.042698967,42,85,43,30.2,9.06,3,4,None Branching,Medium,White,Indeterminated,White,Unbranched,White,Eastern Asia,Cluster3
TN43,160.4,128.8,1.4,13.6,120,194,39.5,0.203608247,2.894995133,42,85,43,30.6,9.12,3,4,Moderately Branched,Medium,White,Indeterminated,Black,Others,Black,Eastern Asia,Cluster3
TN44,139.8,98.2,2,13.8,101,213,24.4,0.114553991,2.78274022,42,85,43,29.2,10.16,3,4,Higly branched,Medium,White,Indeterminated,Black,Others,Black,Eastern Asia,Cluster3
TN45,122,111.8,2,13,91.6,226,44.3,0.196017699,2.99543374,42,85,43,29.8,9.62,3,4,Monobranching,Medium,White,Indeterminated,White,Mono- or di-branched,White,Eastern Asia,Cluster3
TN46,142,100.2,5.2,13,94.2,142,33.6,0.236619718,3.70441214,42,85,43,30.6,9.02,3,4,Bi branched,Sparse,White,Indeterminated,Black,Mono- or di-branched,Black,Eastern Asia,Cluster3
TN47,157.4,125,4.2,12.6,95.2,142,38.7,0.272535211,3.237668027,42,85,43,31.6,8.9,3,4,Bi branched,Medium,White,Indeterminated,White,Mono- or di-branched,White,Eastern Asia,Cluster3
TN48,153.4,118.6,2,15.8,106.6,247.2,30.2,0.075833116,2.658669,43,85,42,29.4,9.6,3,4,Higly branched,Medium,White,Indeterminated,White,Others,White,Eastern Asia,Cluster3
TN49,152.4,131.6,6,12.8,101.6,248,55.3,0.222983871,2.954076667,43,85,42,27,8.6,3,4,Moderately Branched,Medium,White,Indeterminated,White,Others,White,Eastern Asia,Cluster3
TN50,131.4,101.4,5.4,12,86.2,192.5,38.8,0.201558442,3.06633158,42,85,43,25,9.08,3,4,Bi branched,Medium,White,Indeterminated,White,Mono- or di-branched,White,Eastern Asia,Cluster3
TN51,149.4,123.2,2.6,13.8,117.4,168,30,0.178571429,2.971801127,42,85,43,31,7.72,3,4,Higly branched,Medium,White,Indeterminated,White,Others,White,Eastern Asia,Cluster3
TN52,126.6,99,4.8,12,74.6,186,42.8,0.230107527,2.72956684,42,88,46,27.2,8.84,3,4,Higly branched,Medium,White,Indeterminated,Brown,Others,Others,Eastern Asia,Cluster3
TN53,182.8,141.6,4.8,12.2,125.4,180.5,42.6,0.23601108,2.81818914,42,81,39,26.6,8.06,3,4,Moderately Branched,Medium,Pink,Indeterminated,White,Others,White,Eastern Asia,Cluster3
TN54,121,86.8,3.6,11,64.6,148,37.6,0.254054054,2.930444053,42,85,43,30.2,8.7,3,4,Higly branched,Medium,White,Indeterminated,White,Others,White,Eastern Asia,Cluster3
TN55,143.8,89.4,3.4,11.8,90.4,176,30.8,0.175,3.001341893,42,85,43,28.6,8.08,3,4,Higly branched,Medium,White,Indeterminated,Black,Others,Black,Eastern Asia,Cluster3
TN56,110.4,91.4,2.6,10.8,77.2,188.5,26.3,0.139522546,3.036790813,38,84,46,26,7.8,3,4,Moderately Branched,Medium,White,Indeterminated,Brown,Others,Others,Eastern Asia,Cluster3
TN57,125,128,5.4,10.8,75,146,38.8,0.265753425,3.397188167,45,87,42,24.2,6.8,3,4,Moderately Branched,Medium,White,Indeterminated,White,Others,White,Eastern Asia,Cluster3
TN58,134,114.6,4.4,14.6,89.8,148.5,33.2,0.223569024,2.85363806,46,88,42,28.8,7.56,3,4,Moderately Branched,Medium,White,Indeterminated,White,Others,White,Eastern Asia,Cluster3
TN59,104.2,92.6,3.6,13.2,65,144,30.5,0.211805556,2.510965167,41,88,47,28,9.04,3,4,Higly branched,Sparse,White,Indeterminated,White,Others,White,Eastern Asia,Cluster3
TN60,106.8,137.2,4.4,12.2,71.2,187,39.3,0.210160428,2.88908698,42,88,46,31.8,7.26,3,4,Moderately Branched,Medium,White,Indeterminated,Brown,Others,Others,Eastern Asia,Cluster3
TN61,148.2,111.8,4,13.8,95,190.5,42.4,0.222572178,3.001341893,41,88,47,41.4,9.18,3,4,Moderately Branched,Medium,White,Indeterminated,Black,Others,Black,Eastern Asia,Cluster3
