Accession,Continent,Block,Capsule_width,Capsule_length,Region
T001,Africa,Block7,5.7,21,Western Africa
T001,Africa,Block7,5.8,20,Western Africa
T001,Africa,Block7,6,22,Western Africa
T001,Africa,Block7,5.7,19,Western Africa
T001,Africa,Block7,5.3,23,Western Africa
T002,Africa,Block2,8.3,18,Western Africa
T002,Africa,Block2,,,Western Africa
T002,Africa,Block2,,,Western Africa
T002,Africa,Block2,6.7,6,Western Africa
T002,Africa,Block2,7.8,26,Western Africa
T003,Africa,Block1,7.1,24,Northern Africa
T003,Africa,Block1,5.9,21,Northern Africa
T003,Africa,Block1,6.8,23,Northern Africa
T003,Africa,Block1,9.6,18,Northern Africa
T003,Africa,Block1,8.8,31,Northern Africa
T004,Africa,Block3,6.3,17,Northern Africa
T004,Africa,Block3,9,19,Northern Africa
T004,Africa,Block3,7.1,25,Northern Africa
T004,Africa,Block3,7.9,25,Northern Africa
T004,Africa,Block3,6.5,22,Northern Africa
T005,Africa,Block2,7.6,26,Northern Africa
T005,Africa,Block2,8.5,28,Northern Africa
T005,Africa,Block2,6.5,27,Northern Africa
T005,Africa,Block2,6.7,27,Northern Africa
T005,Africa,Block2,6.5,28,Northern Africa
T006,Africa,Block2,7.6,25,Northern Africa
T006,Africa,Block2,7.1,26,Northern Africa
T006,Africa,Block2,8.2,29,Northern Africa
T006,Africa,Block2,7.8,32,Northern Africa
T006,Africa,Block2,7.7,25,Northern Africa
T007,Africa,Block8,7.2,23,Northern Africa
T007,Africa,Block8,7.9,24,Northern Africa
T007,Africa,Block8,9.7,23,Northern Africa
T007,Africa,Block8,8,20,Northern Africa
T007,Africa,Block8,8.9,24,Northern Africa
T008,Africa,Block7,,,Eastern Africa
T008,Africa,Block7,,,Eastern Africa
T008,Africa,Block7,,,Eastern Africa
T008,Africa,Block7,,,Eastern Africa
T008,Africa,Block7,,,Eastern Africa
T009,Africa,Block2,7.1,25,Eastern Africa
T009,Africa,Block2,8.7,27,Eastern Africa
T009,Africa,Block2,8.7,30,Eastern Africa
T009,Africa,Block2,9,21,Eastern Africa
T009,Africa,Block2,7.7,28,Eastern Africa
T010,Africa,Block6,6.5,23,Eastern Africa
T010,Africa,Block6,7.4,23,Eastern Africa
T010,Africa,Block6,6.7,23,Eastern Africa
T010,Africa,Block6,7.4,20,Eastern Africa
T010,Africa,Block6,7.4,27,Eastern Africa
T011,Africa,Block4,6.8,25,Northern Africa
T011,Africa,Block4,5.5,15,Northern Africa
T011,Africa,Block4,7.7,19,Northern Africa
T011,Africa,Block4,4.7,14,Northern Africa
T011,Africa,Block4,7.8,23,Northern Africa
T012,Africa,Block3,8.9,11,Northern Africa
T012,Africa,Block3,7.5,19,Northern Africa
T012,Africa,Block3,6.7,21,Northern Africa
T012,Africa,Block3,8.3,19,Northern Africa
T012,Africa,Block3,8.3,23,Northern Africa
T013,Africa,Block6,7.8,25,Northern Africa
T013,Africa,Block6,5.7,19,Northern Africa
T013,Africa,Block6,7,19,Northern Africa
T013,Africa,Block6,6.9,19,Northern Africa
T013,Africa,Block6,7.8,18,Northern Africa
T014,Africa,Block3,7,21,Northern Africa
T014,Africa,Block3,6.6,24,Northern Africa
T014,Africa,Block3,6.9,24,Northern Africa
T014,Africa,Block3,7.7,21,Northern Africa
T014,Africa,Block3,6.5,20,Northern Africa
T015,Africa,Block5,7.2,23,Northern Africa
T015,Africa,Block5,5.1,23,Northern Africa
T015,Africa,Block5,6.8,22,Northern Africa
T015,Africa,Block5,6.3,17,Northern Africa
T015,Africa,Block5,8.2,18,Northern Africa
T016,Africa,Block2,7.5,21,Northern Africa
T016,Africa,Block2,6,16,Northern Africa
T016,Africa,Block2,7.1,18,Northern Africa
T016,Africa,Block2,7.3,23,Northern Africa
T016,Africa,Block2,,,Northern Africa
T017,Africa,Block8,6.9,21,Northern Africa
T017,Africa,Block8,7.8,25,Northern Africa
T017,Africa,Block8,6.6,17,Northern Africa
T017,Africa,Block8,6.6,25,Northern Africa
T017,Africa,Block8,7.5,24,Northern Africa
T018,Africa,Block5,7.4,23,Northern Africa
T018,Africa,Block5,7.2,26,Northern Africa
T018,Africa,Block5,6.6,18,Northern Africa
T018,Africa,Block5,8,23,Northern Africa
T018,Africa,Block5,8.2,25,Northern Africa
T019,Africa,Block8,7.1,21,Northern Africa
T019,Africa,Block8,7.7,24,Northern Africa
T019,Africa,Block8,8,30,Northern Africa
T019,Africa,Block8,7.1,26,Northern Africa
T019,Africa,Block8,7.9,27,Northern Africa
T020,Africa,Block5,6.4,22,Northern Africa
T020,Africa,Block5,6.5,22,Northern Africa
T020,Africa,Block5,8.5,27,Northern Africa
T020,Africa,Block5,6.8,27,Northern Africa
T020,Africa,Block5,6.7,20,Northern Africa
T021,Africa,Block2,6.3,23,Northern Africa
T021,Africa,Block2,7.9,26,Northern Africa
T021,Africa,Block2,6.5,20,Northern Africa
T021,Africa,Block2,7,19,Northern Africa
T021,Africa,Block2,8.2,26,Northern Africa
T022,Africa,Block8,6.4,19,Northern Africa
T022,Africa,Block8,5.5,16,Northern Africa
T022,Africa,Block8,8.4,32,Northern Africa
T022,Africa,Block8,9.6,21,Northern Africa
T022,Africa,Block8,6.4,17,Northern Africa
T023,Africa,Block1,7.7,30,Northern Africa
T023,Africa,Block1,8,27,Northern Africa
T023,Africa,Block1,7,22,Northern Africa
T023,Africa,Block1,7,21,Northern Africa
T023,Africa,Block1,8.4,30,Northern Africa
T024,Africa,Block2,6.1,18,Northern Africa
T024,Africa,Block2,6.8,19,Northern Africa
T024,Africa,Block2,7.3,20,Northern Africa
T024,Africa,Block2,8,30,Northern Africa
T024,Africa,Block2,7.1,25,Northern Africa
T025,Africa,Block2,7.8,25,Northern Africa
T025,Africa,Block2,6.6,23,Northern Africa
T025,Africa,Block2,6.4,24,Northern Africa
T025,Africa,Block2,7.1,21,Northern Africa
T025,Africa,Block2,7.7,26,Northern Africa
T026,Africa,Block8,7.2,23,Northern Africa
T026,Africa,Block8,7.4,21,Northern Africa
T026,Africa,Block8,6.7,19,Northern Africa
T026,Africa,Block8,7.5,21,Northern Africa
T026,Africa,Block8,6.5,23,Northern Africa
T027,Africa,Block6,7.3,21,Northern Africa
T027,Africa,Block6,7.7,25,Northern Africa
T027,Africa,Block6,8.2,24,Northern Africa
T027,Africa,Block6,6.5,19,Northern Africa
T027,Africa,Block6,7.1,23,Northern Africa
T028,Africa,Block3,8,21,Northern Africa
T028,Africa,Block3,7.7,23,Northern Africa
T028,Africa,Block3,7.4,23,Northern Africa
T028,Africa,Block3,6.8,19,Northern Africa
T028,Africa,Block3,7.6,26,Northern Africa
T029,Africa,Block5,5.8,30,Northern Africa
T029,Africa,Block5,6.7,27,Northern Africa
T029,Africa,Block5,6.9,30,Northern Africa
T029,Africa,Block5,9.8,29,Northern Africa
T029,Africa,Block5,8,23,Northern Africa
T030,Africa,Block5,9.2,24,Northern Africa
T030,Africa,Block5,7.1,21,Northern Africa
T030,Africa,Block5,6.2,26,Northern Africa
T030,Africa,Block5,6.4,24,Northern Africa
T030,Africa,Block5,6.6,24,Northern Africa
T031,Africa,Block4,7.4,23,Northern Africa
T031,Africa,Block4,6.5,21,Northern Africa
T031,Africa,Block4,6.4,24,Northern Africa
T031,Africa,Block4,5.2,25,Northern Africa
T031,Africa,Block4,7.2,25,Northern Africa
T032,Africa,Block7,7.1,21,Northern Africa
T032,Africa,Block7,6.5,20,Northern Africa
T032,Africa,Block7,7.2,24,Northern Africa
T032,Africa,Block7,6.8,25,Northern Africa
T032,Africa,Block7,7.3,22,Northern Africa
T033,Africa,Block7,7.2,25,Northern Africa
T033,Africa,Block7,7.2,20,Northern Africa
T033,Africa,Block7,6,19,Northern Africa
T033,Africa,Block7,6.9,27,Northern Africa
T033,Africa,Block7,6.4,21,Northern Africa
T034,Africa,Block5,6.3,23,Northern Africa
T034,Africa,Block5,6.6,24,Northern Africa
T034,Africa,Block5,6.7,24,Northern Africa
T034,Africa,Block5,7.7,28,Northern Africa
T034,Africa,Block5,7.8,25,Northern Africa
T035,Africa,Block5,9.6,24,Northern Africa
T035,Africa,Block5,8.4,24,Northern Africa
T035,Africa,Block5,8,24,Northern Africa
T035,Africa,Block5,8.5,25,Northern Africa
T035,Africa,Block5,8.3,26,Northern Africa
T036,Africa,Block1,8.6,32,Northern Africa
T036,Africa,Block1,8.2,32,Northern Africa
T036,Africa,Block1,8.8,30,Northern Africa
T036,Africa,Block1,9.7,28,Northern Africa
T036,Africa,Block1,8.2,30,Northern Africa
T037,Africa,Block6,6.9,19,Northern Africa
T037,Africa,Block6,8.1,24,Northern Africa
T037,Africa,Block6,7.6,26,Northern Africa
T037,Africa,Block6,8.6,28,Northern Africa
T037,Africa,Block6,9.6,23,Northern Africa
T038,Africa,Block1,8.1,24,Northern Africa
T038,Africa,Block1,9,27,Northern Africa
T038,Africa,Block1,8.4,26,Northern Africa
T038,Africa,Block1,7.4,21,Northern Africa
T038,Africa,Block1,8.3,23,Northern Africa
T039,Africa,Block5,7.6,27,Northern Africa
T039,Africa,Block5,7.6,28,Northern Africa
T039,Africa,Block5,8.9,33,Northern Africa
T039,Africa,Block5,7.4,27,Northern Africa
T039,Africa,Block5,7.5,22,Northern Africa
T040,Africa,Block3,7.6,21,Northern Africa
T040,Africa,Block3,6.6,20,Northern Africa
T040,Africa,Block3,7.6,23,Northern Africa
T040,Africa,Block3,8.2,27,Northern Africa
T040,Africa,Block3,6.2,21,Northern Africa
T041,Africa,Block5,9.9,24,Northern Africa
T041,Africa,Block5,7.1,21,Northern Africa
T041,Africa,Block5,6.5,20,Northern Africa
T041,Africa,Block5,8,30,Northern Africa
T041,Africa,Block5,6.8,23,Northern Africa
T042,Africa,Block1,7.2,21,Northern Africa
T042,Africa,Block1,6.7,21,Northern Africa
T042,Africa,Block1,7.1,23,Northern Africa
T042,Africa,Block1,7.6,25,Northern Africa
T042,Africa,Block1,8.1,25,Northern Africa
T043,Africa,Block4,7,21,Northern Africa
T043,Africa,Block4,6.4,20,Northern Africa
T043,Africa,Block4,6.2,19,Northern Africa
T043,Africa,Block4,6.9,21,Northern Africa
T043,Africa,Block4,7,25,Northern Africa
T044,Africa,Block3,7.2,21,Northern Africa
T044,Africa,Block3,5.7,21,Northern Africa
T044,Africa,Block3,5.7,21,Northern Africa
T044,Africa,Block3,7.5,24,Northern Africa
T044,Africa,Block3,7,25,Northern Africa
T045,Africa,Block8,6.8,25,Northern Africa
T045,Africa,Block8,7.5,25,Northern Africa
T045,Africa,Block8,7.4,26,Northern Africa
T045,Africa,Block8,7.7,25,Northern Africa
T045,Africa,Block8,7.3,24,Northern Africa
T046,Africa,Block1,7.3,26,Northern Africa
T046,Africa,Block1,7.7,26,Northern Africa
T046,Africa,Block1,6.9,21,Northern Africa
T046,Africa,Block1,7.4,30,Northern Africa
T046,Africa,Block1,7.7,26,Northern Africa
T047,Africa,Block5,8.6,24,Northern Africa
T047,Africa,Block5,8.4,27,Northern Africa
T047,Africa,Block5,7.8,26,Northern Africa
T047,Africa,Block5,7.6,25,Northern Africa
T047,Africa,Block5,8.6,29,Northern Africa
T048,Africa,Block6,7.2,25,Northern Africa
T048,Africa,Block6,7.1,25,Northern Africa
T048,Africa,Block6,7.3,25,Northern Africa
T048,Africa,Block6,7.4,24,Northern Africa
T048,Africa,Block6,8.2,25,Northern Africa
T049,Africa,Block1,6.5,21,Northern Africa
T049,Africa,Block1,7.8,23,Northern Africa
T049,Africa,Block1,7.4,24,Northern Africa
T049,Africa,Block1,8.8,26,Northern Africa
T049,Africa,Block1,8.2,26,Northern Africa
T050,Africa,Block5,9.4,34,Northern Africa
T050,Africa,Block5,9.7,34,Northern Africa
T050,Africa,Block5,10,33,Northern Africa
T050,Africa,Block5,9.2,33,Northern Africa
T050,Africa,Block5,9.4,37,Northern Africa
T051,Africa,Block3,9.6,27,Northern Africa
T051,Africa,Block3,8.5,30,Northern Africa
T051,Africa,Block3,8.7,36,Northern Africa
T051,Africa,Block3,7.3,27,Northern Africa
T051,Africa,Block3,7.9,31,Northern Africa
T052,Africa,Block3,7.1,34,Northern Africa
T052,Africa,Block3,7,32,Northern Africa
T052,Africa,Block3,7.7,31,Northern Africa
T052,Africa,Block3,6.4,32,Northern Africa
T052,Africa,Block3,7.5,30,Northern Africa
T053,Africa,Block3,7.9,23,Northern Africa
T053,Africa,Block3,7.6,25,Northern Africa
T053,Africa,Block3,8,23,Northern Africa
T053,Africa,Block3,7.2,21,Northern Africa
T053,Africa,Block3,10.1,27,Northern Africa
T054,Africa,Block4,7.1,27,Northern Africa
T054,Africa,Block4,7.5,27,Northern Africa
T054,Africa,Block4,7.2,29,Northern Africa
T054,Africa,Block4,7.7,30,Northern Africa
T054,Africa,Block4,7.4,28,Northern Africa
T055,Africa,Block1,8.6,28,Northern Africa
T055,Africa,Block1,8.3,25,Northern Africa
T055,Africa,Block1,8.2,24,Northern Africa
T055,Africa,Block1,9.3,24,Northern Africa
T055,Africa,Block1,8.2,27,Northern Africa
T056,Africa,Block7,9,25,Northern Africa
T056,Africa,Block7,8.6,26,Northern Africa
T056,Africa,Block7,8.2,25,Northern Africa
T056,Africa,Block7,8.4,26,Northern Africa
T056,Africa,Block7,8.3,31,Northern Africa
T057,Africa,Block4,8,22,Northern Africa
T057,Africa,Block4,7.2,26,Northern Africa
T057,Africa,Block4,7.5,28,Northern Africa
T057,Africa,Block4,8.1,24,Northern Africa
T057,Africa,Block4,7.8,26,Northern Africa
T058,Africa,Block2,8.4,32,Northern Africa
T058,Africa,Block2,7.5,29,Northern Africa
T058,Africa,Block2,8,30,Northern Africa
T058,Africa,Block2,,,Northern Africa
T058,Africa,Block2,,,Northern Africa
T059,Africa,Block5,9.2,31,Northern Africa
T059,Africa,Block5,9.4,32,Northern Africa
T059,Africa,Block5,10.1,36,Northern Africa
T059,Africa,Block5,10.6,31,Northern Africa
T059,Africa,Block5,10.2,34,Northern Africa
T060,Africa,Block4,9,31,Northern Africa
T060,Africa,Block4,9.9,36,Northern Africa
T060,Africa,Block4,10.3,36,Northern Africa
T060,Africa,Block4,9.6,37,Northern Africa
T060,Africa,Block4,8.2,26,Northern Africa
T061,Africa,Block4,9.3,25,Northern Africa
T061,Africa,Block4,11.4,25,Northern Africa
T061,Africa,Block4,8.6,30,Northern Africa
T061,Africa,Block4,10.4,28,Northern Africa
T061,Africa,Block4,8.8,25,Northern Africa
T062,Africa,Block8,10.5,35,Northern Africa
T062,Africa,Block8,10.2,31,Northern Africa
T062,Africa,Block8,8.3,29,Northern Africa
T062,Africa,Block8,8.9,32,Northern Africa
T062,Africa,Block8,9.8,35,Northern Africa
T063,Africa,Block3,7.7,29,Northern Africa
T063,Africa,Block3,7.5,31,Northern Africa
T063,Africa,Block3,7.2,30,Northern Africa
T063,Africa,Block3,8.3,25,Northern Africa
T063,Africa,Block3,7.7,27,Northern Africa
T064,Africa,Block2,7.1,29,Northern Africa
T064,Africa,Block2,7.7,30,Northern Africa
T064,Africa,Block2,7.5,27,Northern Africa
T064,Africa,Block2,8.1,31,Northern Africa
T064,Africa,Block2,7.5,27,Northern Africa
T065,Africa,Block8,8.8,23,Northern Africa
T065,Africa,Block8,7.1,19,Northern Africa
T065,Africa,Block8,7.2,30,Northern Africa
T065,Africa,Block8,7.8,25,Northern Africa
T065,Africa,Block8,6.7,27,Northern Africa
T066,Africa,Block6,9.9,29,Northern Africa
T066,Africa,Block6,11.2,26,Northern Africa
T066,Africa,Block6,9.5,24,Northern Africa
T066,Africa,Block6,8.6,27,Northern Africa
T066,Africa,Block6,9.7,26,Northern Africa
T067,Africa,Block8,6.6,25,Western Africa
T067,Africa,Block8,7.2,24,Western Africa
T067,Africa,Block8,7.7,25,Western Africa
T067,Africa,Block8,6.5,29,Western Africa
T067,Africa,Block8,7.4,24,Western Africa
T068,Africa,Block8,6.8,21,Western Africa
T068,Africa,Block8,6.7,23,Western Africa
T068,Africa,Block8,6.8,21,Western Africa
T068,Africa,Block8,7.5,21,Western Africa
T068,Africa,Block8,6.2,22,Western Africa
T069,Africa,Block1,6.1,20,Western Africa
T069,Africa,Block1,6.5,23,Western Africa
T069,Africa,Block1,6.6,28,Western Africa
T069,Africa,Block1,6.2,20,Western Africa
T069,Africa,Block1,6.5,27,Western Africa
T070,Africa,Block7,6.7,26,Central Africa
T070,Africa,Block7,6.3,20,Central Africa
T070,Africa,Block7,6.7,27,Central Africa
T070,Africa,Block7,6.8,23,Central Africa
T070,Africa,Block7,6.9,23,Central Africa
T071,Africa,Block7,7.6,22,Central Africa
T071,Africa,Block7,7.2,24,Central Africa
T071,Africa,Block7,7.2,19,Central Africa
T071,Africa,Block7,8,25,Central Africa
T071,Africa,Block7,8.1,23,Central Africa
T072,Africa,Block7,5.9,23,Central Africa
T072,Africa,Block7,6.9,22,Central Africa
T072,Africa,Block7,6.8,22,Central Africa
T072,Africa,Block7,6.2,20,Central Africa
T072,Africa,Block7,6.1,21,Central Africa
T073,Africa,Block3,6.8,20,Eastern Africa
T073,Africa,Block3,6.5,21,Eastern Africa
T073,Africa,Block3,7.4,25,Eastern Africa
T073,Africa,Block3,6.8,19,Eastern Africa
T073,Africa,Block3,7.2,21,Eastern Africa
T074,Africa,Block4,7.4,26,Northern Africa
T074,Africa,Block4,6.9,25,Northern Africa
T074,Africa,Block4,7.4,24,Northern Africa
T074,Africa,Block4,6.1,22,Northern Africa
T074,Africa,Block4,6.9,21,Northern Africa
T075,Africa,Block2,10.5,26,Northern Africa
T075,Africa,Block2,8.9,21,Northern Africa
T075,Africa,Block2,8.3,25,Northern Africa
T075,Africa,Block2,7.2,26,Northern Africa
T075,Africa,Block2,8.4,23,Northern Africa
T076,Africa,Block8,6.9,24,Northern Africa
T076,Africa,Block8,6.8,31,Northern Africa
T076,Africa,Block8,6.1,26,Northern Africa
T076,Africa,Block8,8.1,12,Northern Africa
T076,Africa,Block8,7.1,31,Northern Africa
T077,Africa,Block7,8.5,25,Eastern Africa
T077,Africa,Block7,6.8,22,Eastern Africa
T077,Africa,Block7,7.6,20,Eastern Africa
T077,Africa,Block7,7.8,17,Eastern Africa
T077,Africa,Block7,7.3,24,Eastern Africa
T078,Africa,Block1,8.3,26,Eastern Africa
T078,Africa,Block1,7,20,Eastern Africa
T078,Africa,Block1,12.1,24,Eastern Africa
T078,Africa,Block1,6.4,21,Eastern Africa
T078,Africa,Block1,7.6,28,Eastern Africa
T079,Africa,Block5,5.7,23,Eastern Africa
T079,Africa,Block5,6.2,21,Eastern Africa
T079,Africa,Block5,6.2,24,Eastern Africa
T079,Africa,Block5,6.8,26,Eastern Africa
T079,Africa,Block5,6,24,Eastern Africa
T080,Africa,Block3,7.4,24,Eastern Africa
T080,Africa,Block3,7.5,25,Eastern Africa
T080,Africa,Block3,7.3,18,Eastern Africa
T080,Africa,Block3,7.7,23,Eastern Africa
T080,Africa,Block3,7.7,20,Eastern Africa
T081,Africa,Block6,8.2,24,Eastern Africa
T081,Africa,Block6,7.5,25,Eastern Africa
T081,Africa,Block6,7.5,27,Eastern Africa
T081,Africa,Block6,8,24,Eastern Africa
T081,Africa,Block6,7.1,25,Eastern Africa
T082,Africa,Block1,7.3,25,Central Africa
T082,Africa,Block1,7.8,23,Central Africa
T082,Africa,Block1,6,21,Central Africa
T082,Africa,Block1,7.2,23,Central Africa
T082,Africa,Block1,6.9,22,Central Africa
T083,Africa,Block1,7.7,24,Eastern Africa
T083,Africa,Block1,7.1,25,Eastern Africa
T083,Africa,Block1,7.6,21,Eastern Africa
T083,Africa,Block1,7.4,21,Eastern Africa
T083,Africa,Block1,7.5,19,Eastern Africa
T084,Africa,Block3,8.1,27,Eastern Africa
T084,Africa,Block3,8.1,28,Eastern Africa
T084,Africa,Block3,7.8,26,Eastern Africa
T084,Africa,Block3,7,24,Eastern Africa
T084,Africa,Block3,8.5,27,Eastern Africa
T085,Africa,Block3,6.5,27,Eastern Africa
T085,Africa,Block3,7,23,Eastern Africa
T085,Africa,Block3,7.1,27,Eastern Africa
T085,Africa,Block3,7.5,25,Eastern Africa
T085,Africa,Block3,6.9,24,Eastern Africa
T086,Africa,Block8,7.9,25,Northern Africa
T086,Africa,Block8,7.2,25,Northern Africa
T086,Africa,Block8,6.7,25,Northern Africa
T086,Africa,Block8,7.4,23,Northern Africa
T086,Africa,Block8,6.7,23,Northern Africa
T087,Africa,Block4,8,25,Northern Africa
T087,Africa,Block4,7.2,25,Northern Africa
T087,Africa,Block4,6.9,23,Northern Africa
T087,Africa,Block4,6.9,25,Northern Africa
T087,Africa,Block4,7.4,25,Northern Africa
T088,Africa,Block7,8.6,29,Northern Africa
T088,Africa,Block7,8.3,30,Northern Africa
T088,Africa,Block7,8.3,28,Northern Africa
T088,Africa,Block7,8,29,Northern Africa
T088,Africa,Block7,7.9,26,Northern Africa
T089,Africa,Block6,8.4,32,Northern Africa
T089,Africa,Block6,7.7,27,Northern Africa
T089,Africa,Block6,8.4,25,Northern Africa
T089,Africa,Block6,7.1,24,Northern Africa
T089,Africa,Block6,9,26,Northern Africa
T090,Africa,Block3,7.1,24,Northern Africa
T090,Africa,Block3,7.7,25,Northern Africa
T090,Africa,Block3,8.3,22,Northern Africa
T090,Africa,Block3,7.6,21,Northern Africa
T090,Africa,Block3,7.7,21,Northern Africa
T091,Africa,Block4,8.3,20,Northern Africa
T091,Africa,Block4,7.4,21,Northern Africa
T091,Africa,Block4,7.4,23,Northern Africa
T091,Africa,Block4,,,Northern Africa
T091,Africa,Block4,,,Northern Africa
T092,Africa,Block2,8.5,28,Northern Africa
T092,Africa,Block2,7.7,24,Northern Africa
T092,Africa,Block2,8.8,26,Northern Africa
T092,Africa,Block2,8.3,24,Northern Africa
T092,Africa,Block2,8.2,22,Northern Africa
T093,Africa,Block6,7.2,25,Northern Africa
T093,Africa,Block6,7.4,26,Northern Africa
T093,Africa,Block6,7.2,26,Northern Africa
T093,Africa,Block6,7,25,Northern Africa
T093,Africa,Block6,8,25,Northern Africa
T094,Africa,Block7,8.1,35,Northern Africa
T094,Africa,Block7,7.6,30,Northern Africa
T094,Africa,Block7,7.4,24,Northern Africa
T094,Africa,Block7,7.8,32,Northern Africa
T094,Africa,Block7,7.4,26,Northern Africa
T095,Africa,Block7,7.1,22,Northern Africa
T095,Africa,Block7,7.2,21,Northern Africa
T095,Africa,Block7,6.2,20,Northern Africa
T095,Africa,Block7,8.2,24,Northern Africa
T095,Africa,Block7,7.7,23,Northern Africa
T096,Africa,Block7,8.9,27,Northern Africa
T096,Africa,Block7,8,31,Northern Africa
T096,Africa,Block7,7.6,25,Northern Africa
T096,Africa,Block7,,,Northern Africa
T096,Africa,Block7,,,Northern Africa
T097,Africa,Block7,7.1,16,Eastern Africa
T097,Africa,Block7,7.6,21,Eastern Africa
T097,Africa,Block7,7.9,20,Eastern Africa
T097,Africa,Block7,,,Eastern Africa
T097,Africa,Block7,,,Eastern Africa
T098,Africa,Block4,7.9,25,Western Africa
T098,Africa,Block4,7.7,22,Western Africa
T098,Africa,Block4,7.9,21,Western Africa
T098,Africa,Block4,7.9,22,Western Africa
T098,Africa,Block4,6,18,Western Africa
T099,Africa,Block7,7.4,21,Western Africa
T099,Africa,Block7,7.8,23,Western Africa
T099,Africa,Block7,6.9,23,Western Africa
T099,Africa,Block7,7.4,22,Western Africa
T099,Africa,Block7,7.1,20,Western Africa
T100,Africa,Block3,7.2,20,Western Africa
T100,Africa,Block3,7.3,18,Western Africa
T100,Africa,Block3,6.6,18,Western Africa
T100,Africa,Block3,6.6,19,Western Africa
T100,Africa,Block3,6.7,19,Western Africa
T101,Africa,Block6,7.4,22,Western Africa
T101,Africa,Block6,7.3,25,Western Africa
T101,Africa,Block6,7.3,24,Western Africa
T101,Africa,Block6,,,Western Africa
T101,Africa,Block6,,,Western Africa
T102,Africa,Block2,8,21,Western Africa
T102,Africa,Block2,7.2,23,Western Africa
T102,Africa,Block2,7.1,18,Western Africa
T102,Africa,Block2,6.9,20,Western Africa
T102,Africa,Block2,7.6,20,Western Africa
T103,Africa,Block2,9.5,29,Western Africa
T103,Africa,Block2,8.1,25,Western Africa
T103,Africa,Block2,8.4,27,Western Africa
T103,Africa,Block2,8.3,29,Western Africa
T103,Africa,Block2,7.4,29,Western Africa
T104,Africa,Block5,6.8,17,Western Africa
T104,Africa,Block5,7.7,23,Western Africa
T104,Africa,Block5,7.8,26,Western Africa
T104,Africa,Block5,8.2,31,Western Africa
T104,Africa,Block5,8.1,29,Western Africa
T105,Africa,Block7,7,19,Western Africa
T105,Africa,Block7,7.6,24,Western Africa
T105,Africa,Block7,8.4,25,Western Africa
T105,Africa,Block7,9,27,Western Africa
T105,Africa,Block7,8.2,25,Western Africa
T106,Africa,Block2,6.9,11,Western Africa
T106,Africa,Block2,5.5,16,Western Africa
T106,Africa,Block2,6.9,16,Western Africa
T106,Africa,Block2,7,17,Western Africa
T106,Africa,Block2,6.9,12,Western Africa
T108,Africa,Block5,8,17,Western Africa
T108,Africa,Block5,8.5,18,Western Africa
T108,Africa,Block5,8.8,22,Western Africa
T108,Africa,Block5,8.1,21,Western Africa
T108,Africa,Block5,7.8,19,Western Africa
T109,Africa,Block6,9.8,19,Western Africa
T109,Africa,Block6,7.5,21,Western Africa
T109,Africa,Block6,8.5,16,Western Africa
T109,Africa,Block6,8.4,21,Western Africa
T109,Africa,Block6,8.1,19,Western Africa
T110,Africa,Block7,6.7,22,Western Africa
T110,Africa,Block7,7.1,21,Western Africa
T110,Africa,Block7,9.9,19,Western Africa
T110,Africa,Block7,9.3,20,Western Africa
T110,Africa,Block7,9.2,17,Western Africa
T111,Africa,Block6,6.8,20,Western Africa
T111,Africa,Block6,7.3,27,Western Africa
T111,Africa,Block6,8.6,24,Western Africa
T111,Africa,Block6,8.1,25,Western Africa
T111,Africa,Block6,7.7,22,Western Africa
T112,Africa,Block5,9.4,27,Western Africa
T112,Africa,Block5,7.3,24,Western Africa
T112,Africa,Block5,7.8,26,Western Africa
T112,Africa,Block5,8.5,27,Western Africa
T112,Africa,Block5,7.1,27,Western Africa
T113,Africa,Block8,7.6,27,Western Africa
T113,Africa,Block8,7.2,20,Western Africa
T113,Africa,Block8,7.7,20,Western Africa
T113,Africa,Block8,7.1,25,Western Africa
T113,Africa,Block8,7.8,26,Western Africa
T114,Africa,Block7,6.6,24,Western Africa
T114,Africa,Block7,7.6,22,Western Africa
T114,Africa,Block7,6.3,22,Western Africa
T114,Africa,Block7,6.8,22,Western Africa
T114,Africa,Block7,7.3,24,Western Africa
T115,Africa,Block3,6.8,23,Western Africa
T115,Africa,Block3,8,21,Western Africa
T115,Africa,Block3,7.3,23,Western Africa
T115,Africa,Block3,7.4,20,Western Africa
T115,Africa,Block3,7.2,28,Western Africa
T116,Africa,Block3,6.4,25,Western Africa
T116,Africa,Block3,7.3,22,Western Africa
T116,Africa,Block3,7.5,22,Western Africa
T116,Africa,Block3,7.4,24,Western Africa
T116,Africa,Block3,,,Western Africa
T118,Africa,Block1,6.6,26,Northern Africa
T118,Africa,Block1,8.5,30,Northern Africa
T118,Africa,Block1,,,Northern Africa
T118,Africa,Block1,,,Northern Africa
T118,Africa,Block1,,,Northern Africa
T119,Africa,Block2,6.8,24,Northern Africa
T119,Africa,Block2,6.9,27,Northern Africa
T119,Africa,Block2,7.8,25,Northern Africa
T119,Africa,Block2,7.4,30,Northern Africa
T119,Africa,Block2,7.2,26,Northern Africa
T120,Africa,Block5,7.2,29,Northern Africa
T120,Africa,Block5,8.3,31,Northern Africa
T120,Africa,Block5,8.9,31,Northern Africa
T120,Africa,Block5,6.1,26,Northern Africa
T120,Africa,Block5,6.7,21,Northern Africa
T121,Africa,Block7,5.9,23,Northern Africa
T121,Africa,Block7,6.4,22,Northern Africa
T121,Africa,Block7,,,Northern Africa
T121,Africa,Block7,,,Northern Africa
T121,Africa,Block7,,,Northern Africa
T122,Africa,Block3,7.5,27,Northern Africa
T122,Africa,Block3,7.2,24,Northern Africa
T122,Africa,Block3,7.6,22,Northern Africa
T122,Africa,Block3,,,Northern Africa
T122,Africa,Block3,,,Northern Africa
T123,Africa,Block4,6.9,14,Northern Africa
T123,Africa,Block4,7.5,21,Northern Africa
T123,Africa,Block4,8,31,Northern Africa
T123,Africa,Block4,,,Northern Africa
T123,Africa,Block4,,,Northern Africa
T124,Africa,Block8,7,22,Northern Africa
T124,Africa,Block8,6.9,20,Northern Africa
T124,Africa,Block8,8.9,29,Northern Africa
T124,Africa,Block8,,,Northern Africa
T124,Africa,Block8,,,Northern Africa
T125,Africa,Block4,7.8,26,Northern Africa
T125,Africa,Block4,8.5,24,Northern Africa
T125,Africa,Block4,8.2,21,Northern Africa
T125,Africa,Block4,,,Northern Africa
T125,Africa,Block4,,,Northern Africa
T126,Africa,Block6,7.8,21,Northern Africa
T126,Africa,Block6,7.5,22,Northern Africa
T126,Africa,Block6,7.4,23,Northern Africa
T126,Africa,Block6,8.6,31,Northern Africa
T126,Africa,Block6,,,Northern Africa
T127,Africa,Block6,6.4,21,Northern Africa
T127,Africa,Block6,6.6,22,Northern Africa
T127,Africa,Block6,6.4,18,Northern Africa
T127,Africa,Block6,,,Northern Africa
T127,Africa,Block6,,,Northern Africa
T28,Africa,Block3,7.2,24,Northern Africa
T28,Africa,Block3,7.1,25,Northern Africa
T28,Africa,Block3,7.2,26,Northern Africa
T28,Africa,Block3,,,Northern Africa
T28,Africa,Block3,,,Northern Africa
T129,Africa,Block4,8.1,25,Northern Africa
T129,Africa,Block4,6.7,20,Northern Africa
T129,Africa,Block4,6.5,22,Northern Africa
T129,Africa,Block4,7.9,25,Northern Africa
T129,Africa,Block4,7.8,25,Northern Africa
T130,Africa,Block8,6.6,21,Northern Africa
T130,Africa,Block8,7.7,20,Northern Africa
T130,Africa,Block8,7.9,23,Northern Africa
T130,Africa,Block8,,,Northern Africa
T130,Africa,Block8,,,Northern Africa
T131,Africa,Block6,6.1,21,Northern Africa
T131,Africa,Block6,7.7,23,Northern Africa
T131,Africa,Block6,6.9,21,Northern Africa
T131,Africa,Block6,,,Northern Africa
T131,Africa,Block6,,,Northern Africa
T132,Africa,Block7,7.1,26,Northern Africa
T132,Africa,Block7,6.7,25,Northern Africa
T132,Africa,Block7,7.6,27,Northern Africa
T132,Africa,Block7,6.7,27,Northern Africa
T132,Africa,Block7,7.2,28,Northern Africa
T133,Africa,Block6,7.4,25,Northern Africa
T133,Africa,Block6,7,26,Northern Africa
T133,Africa,Block6,,,Northern Africa
T133,Africa,Block6,,,Northern Africa
T133,Africa,Block6,,,Northern Africa
T134,Africa,Block4,8,27,Northern Africa
T134,Africa,Block4,7.1,27,Northern Africa
T134,Africa,Block4,,,Northern Africa
T134,Africa,Block4,,,Northern Africa
T134,Africa,Block4,,,Northern Africa
T135,Africa,Block3,7.5,24,Northern Africa
T135,Africa,Block3,6.3,15,Northern Africa
T135,Africa,Block3,7.2,21,Northern Africa
T135,Africa,Block3,,,Northern Africa
T135,Africa,Block3,,,Northern Africa
T136,Africa,Block1,7.2,25,Northern Africa
T136,Africa,Block1,7.5,28,Northern Africa
T136,Africa,Block1,6.6,26,Northern Africa
T136,Africa,Block1,7.5,28,Northern Africa
T136,Africa,Block1,7.6,28,Northern Africa
T137,Africa,Block8,7.4,24,Northern Africa
T137,Africa,Block8,7.6,25,Northern Africa
T137,Africa,Block8,7.4,21,Northern Africa
T137,Africa,Block8,7.3,19,Northern Africa
T137,Africa,Block8,10.4,21,Northern Africa
T138,Africa,Block4,8,23,Northern Africa
T138,Africa,Block4,8.5,22,Northern Africa
T138,Africa,Block4,7.2,25,Northern Africa
T138,Africa,Block4,,,Northern Africa
T138,Africa,Block4,,,Northern Africa
T139,Africa,Block2,7.8,28,Northern Africa
T139,Africa,Block2,7.6,25,Northern Africa
T139,Africa,Block2,7.1,24,Northern Africa
T139,Africa,Block2,,,Northern Africa
T139,Africa,Block2,,,Northern Africa
T140,Africa,Block8,7.1,19,Northern Africa
T140,Africa,Block8,7.5,27,Northern Africa
T140,Africa,Block8,8.8,25,Northern Africa
T140,Africa,Block8,7.3,22,Northern Africa
T140,Africa,Block8,7.8,24,Northern Africa
T141,Africa,Block7,7.6,23,Northern Africa
T141,Africa,Block7,7.2,23,Northern Africa
T141,Africa,Block7,8.5,24,Northern Africa
T141,Africa,Block7,8.4,26,Northern Africa
T141,Africa,Block7,7.2,23,Northern Africa
T142,Africa,Block5,7.8,23,Northern Africa
T142,Africa,Block5,6.9,25,Northern Africa
T142,Africa,Block5,7.2,22,Northern Africa
T142,Africa,Block5,7.3,24,Northern Africa
T142,Africa,Block5,8,23,Northern Africa
T143,Africa,Block4,6.9,25,Northern Africa
T143,Africa,Block4,6.9,21,Northern Africa
T143,Africa,Block4,6.8,23,Northern Africa
T143,Africa,Block4,7.8,25,Northern Africa
T143,Africa,Block4,8.4,26,Northern Africa
T144,Africa,Block3,9,25,Northern Africa
T144,Africa,Block3,6.3,22,Northern Africa
T144,Africa,Block3,6.9,26,Northern Africa
T144,Africa,Block3,,,Northern Africa
T144,Africa,Block3,,,Northern Africa
T145,Africa,Block4,11.5,20,Northern Africa
T145,Africa,Block4,6.8,11,Northern Africa
T145,Africa,Block4,7.8,20,Northern Africa
T145,Africa,Block4,7.3,22,Northern Africa
T145,Africa,Block4,8,24,Northern Africa
T146,Africa,Block3,7.4,21,Northern Africa
T146,Africa,Block3,9.3,22,Northern Africa
T146,Africa,Block3,7,22,Northern Africa
T146,Africa,Block3,8.2,20,Northern Africa
T146,Africa,Block3,,,Northern Africa
T147,Africa,Block1,7,22,Northern Africa
T147,Africa,Block1,7.1,25,Northern Africa
T147,Africa,Block1,7.5,19,Northern Africa
T147,Africa,Block1,5.4,22,Northern Africa
T147,Africa,Block1,,,Northern Africa
T148,Africa,Block1,6.5,21,Northern Africa
T148,Africa,Block1,7.9,27,Northern Africa
T148,Africa,Block1,6.5,22,Northern Africa
T148,Africa,Block1,7.6,23,Northern Africa
T148,Africa,Block1,,,Northern Africa
T149,Africa,Block1,9.3,29,Northern Africa
T149,Africa,Block1,6.8,23,Northern Africa
T149,Africa,Block1,8.1,27,Northern Africa
T149,Africa,Block1,,,Northern Africa
T149,Africa,Block1,,,Northern Africa
T150,Africa,Block6,7.1,22,Northern Africa
T150,Africa,Block6,7,24,Northern Africa
T150,Africa,Block6,6.7,20,Northern Africa
T150,Africa,Block6,,,Northern Africa
T150,Africa,Block6,,,Northern Africa
T151,Africa,Block5,6.9,19,Northern Africa
T151,Africa,Block5,7.4,21,Northern Africa
T151,Africa,Block5,8.7,21,Northern Africa
T151,Africa,Block5,7.9,23,Northern Africa
T151,Africa,Block5,6.4,19,Northern Africa
T152,Africa,Block3,7.9,19,Northern Africa
T152,Africa,Block3,7.3,21,Northern Africa
T152,Africa,Block3,6.3,20,Northern Africa
T152,Africa,Block3,7.5,18,Northern Africa
T152,Africa,Block3,7.4,20,Northern Africa
T153,Africa,Block4,7.1,24,Northern Africa
T153,Africa,Block4,7.2,24,Northern Africa
T153,Africa,Block4,7.9,23,Northern Africa
T153,Africa,Block4,7.7,23,Northern Africa
T153,Africa,Block4,8.4,27,Northern Africa
T154,Africa,Block4,7.2,27,Northern Africa
T154,Africa,Block4,7,24,Northern Africa
T154,Africa,Block4,6.1,21,Northern Africa
T154,Africa,Block4,7.2,27,Northern Africa
T154,Africa,Block4,7,28,Northern Africa
T155,Africa,Block3,7,24,Northern Africa
T155,Africa,Block3,6.7,20,Northern Africa
T155,Africa,Block3,7.4,25,Northern Africa
T155,Africa,Block3,7.4,22,Northern Africa
T155,Africa,Block3,7.8,24,Northern Africa
T156,Africa,Block7,8.2,23,Northern Africa
T156,Africa,Block7,7.6,19,Northern Africa
T156,Africa,Block7,8,24,Northern Africa
T156,Africa,Block7,,,Northern Africa
T156,Africa,Block7,,,Northern Africa
T157,Africa,Block1,7.3,22,Northern Africa
T157,Africa,Block1,7.8,24,Northern Africa
T157,Africa,Block1,7.4,22,Northern Africa
T157,Africa,Block1,7.8,22,Northern Africa
T157,Africa,Block1,7.1,22,Northern Africa
T158,Africa,Block5,7.8,25,Northern Africa
T158,Africa,Block5,6.6,22,Northern Africa
T158,Africa,Block5,7.5,23,Northern Africa
T158,Africa,Block5,7.9,23,Northern Africa
T158,Africa,Block5,,,Northern Africa
T159,Africa,Block8,7.5,20,Northern Africa
T159,Africa,Block8,7.2,22,Northern Africa
T159,Africa,Block8,7.3,22,Northern Africa
T159,Africa,Block8,7.5,21,Northern Africa
T159,Africa,Block8,8,23,Northern Africa
T160,Africa,Block4,7.6,25,Northern Africa
T160,Africa,Block4,7.1,23,Northern Africa
T160,Africa,Block4,7.5,26,Northern Africa
T160,Africa,Block4,,,Northern Africa
T160,Africa,Block4,,,Northern Africa
T161,Africa,Block4,8.3,18,Northern Africa
T161,Africa,Block4,7.1,21,Northern Africa
T161,Africa,Block4,6.4,19,Northern Africa
T161,Africa,Block4,6,18,Northern Africa
T161,Africa,Block4,6.7,19,Northern Africa
T162,Africa,Block8,7.7,24,Northern Africa
T162,Africa,Block8,7.4,22,Northern Africa
T162,Africa,Block8,7.2,23,Northern Africa
T162,Africa,Block8,7.3,22,Northern Africa
T162,Africa,Block8,6.6,20,Northern Africa
T163,Africa,Block8,7.1,19,Northern Africa
T163,Africa,Block8,6.3,18,Northern Africa
T163,Africa,Block8,7.1,23,Northern Africa
T163,Africa,Block8,6.4,25,Northern Africa
T163,Africa,Block8,8,22,Northern Africa
T164,Africa,Block5,8.1,21,Northern Africa
T164,Africa,Block5,8.3,21,Northern Africa
T164,Africa,Block5,7.7,19,Northern Africa
T164,Africa,Block5,8.4,21,Northern Africa
T164,Africa,Block5,9.5,20,Northern Africa
T165,Africa,Block1,6.9,20,Northern Africa
T165,Africa,Block1,7.3,17,Northern Africa
T165,Africa,Block1,6.2,21,Northern Africa
T165,Africa,Block1,7.3,21,Northern Africa
T165,Africa,Block1,6.5,19,Northern Africa
T166,Africa,Block1,7.9,30,Northern Africa
T166,Africa,Block1,7.7,24,Northern Africa
T166,Africa,Block1,7.4,27,Northern Africa
T166,Africa,Block1,7,23,Northern Africa
T166,Africa,Block1,7.3,23,Northern Africa
T167,Africa,Block8,8,24,Central Africa
T167,Africa,Block8,7,22,Central Africa
T167,Africa,Block8,8.6,24,Central Africa
T167,Africa,Block8,7.1,24,Central Africa
T167,Africa,Block8,7.6,21,Central Africa
T168,Africa,Block2,6,27,Northern Africa
T168,Africa,Block2,7.8,20,Northern Africa
T168,Africa,Block2,6.2,21,Northern Africa
T168,Africa,Block2,,,Northern Africa
T168,Africa,Block2,,,Northern Africa
T169,Africa,Block1,6.8,20,Eastern Africa
T169,Africa,Block1,6.2,18,Eastern Africa
T169,Africa,Block1,7.3,26,Eastern Africa
T169,Africa,Block1,,,Eastern Africa
T169,Africa,Block1,,,Eastern Africa
T170,Africa,Block4,6.7,21,Eastern Africa
T170,Africa,Block4,7.5,23,Eastern Africa
T170,Africa,Block4,7.8,18,Eastern Africa
T170,Africa,Block4,7.1,25,Eastern Africa
T170,Africa,Block4,7.6,26,Eastern Africa
T171,Africa,Block3,6.6,25,Eastern Africa
T171,Africa,Block3,7.8,26,Eastern Africa
T171,Africa,Block3,7.2,22,Eastern Africa
T171,Africa,Block3,,,Eastern Africa
T171,Africa,Block3,,,Eastern Africa
T172,Africa,Block1,9.4,24,Eastern Africa
T172,Africa,Block1,7.7,22,Eastern Africa
T172,Africa,Block1,8.6,27,Eastern Africa
T172,Africa,Block1,8.4,32,Eastern Africa
T172,Africa,Block1,,,Eastern Africa
T173,Africa,Block1,7.6,25,Eastern Africa
T173,Africa,Block1,8.5,26,Eastern Africa
T173,Africa,Block1,7.6,18,Eastern Africa
T173,Africa,Block1,,,Eastern Africa
T173,Africa,Block1,,,Eastern Africa
T174,Africa,Block1,8.9,24,Eastern Africa
T174,Africa,Block1,7.1,28,Eastern Africa
T174,Africa,Block1,7.5,23,Eastern Africa
T174,Africa,Block1,,,Eastern Africa
T174,Africa,Block1,,,Eastern Africa
T175,Africa,Block6,6,30,Eastern Africa
T175,Africa,Block6,7.6,32,Eastern Africa
T175,Africa,Block6,6.6,33,Eastern Africa
T175,Africa,Block6,6.4,30,Eastern Africa
T175,Africa,Block6,,,Eastern Africa
T176,Africa,Block1,8.8,29,Northern Africa
T176,Africa,Block1,9.1,25,Northern Africa
T176,Africa,Block1,7.3,26,Northern Africa
T176,Africa,Block1,7.1,27,Northern Africa
T176,Africa,Block1,7.7,28,Northern Africa
T177,Africa,Block2,7.5,23,Northern Africa
T177,Africa,Block2,8.3,26,Northern Africa
T177,Africa,Block2,7,23,Northern Africa
T177,Africa,Block2,7.3,24,Northern Africa
T177,Africa,Block2,7.2,24,Northern Africa
T178,Africa,Block2,9.8,27,Northern Africa
T178,Africa,Block2,7.6,28,Northern Africa
T178,Africa,Block2,7.1,28,Northern Africa
T178,Africa,Block2,8.3,28,Northern Africa
T178,Africa,Block2,7.6,25,Northern Africa
T179,Africa,Block8,7.2,32,Northern Africa
T179,Africa,Block8,8.1,24,Northern Africa
T179,Africa,Block8,8.3,29,Northern Africa
T179,Africa,Block8,8.2,30,Northern Africa
T179,Africa,Block8,7.6,22,Northern Africa
T180,Africa,Block8,7.7,22,Northern Africa
T180,Africa,Block8,7.8,26,Northern Africa
T180,Africa,Block8,7.6,22,Northern Africa
T180,Africa,Block8,6.8,19,Northern Africa
T180,Africa,Block8,7.4,24,Northern Africa
T181,Africa,Block4,8.4,29,Northern Africa
T181,Africa,Block4,7.2,22,Northern Africa
T181,Africa,Block4,7.1,23,Northern Africa
T181,Africa,Block4,7.1,19,Northern Africa
T181,Africa,Block4,8.2,25,Northern Africa
T182,Africa,Block6,8.5,26,Northern Africa
T182,Africa,Block6,6.9,22,Northern Africa
T182,Africa,Block6,8.1,24,Northern Africa
T182,Africa,Block6,,,Northern Africa
T182,Africa,Block6,,,Northern Africa
T183,Africa,Block4,10.4,35,Northern Africa
T183,Africa,Block4,9.4,31,Northern Africa
T183,Africa,Block4,10.5,30,Northern Africa
T183,Africa,Block4,10.4,30,Northern Africa
T183,Africa,Block4,10.2,31,Northern Africa
T184,Africa,Block3,7.7,22,Eastern Africa
T184,Africa,Block3,5.7,18,Eastern Africa
T184,Africa,Block3,,,Eastern Africa
T184,Africa,Block3,,,Eastern Africa
T184,Africa,Block3,,,Eastern Africa
T185,Africa,Block4,8.8,19,Eastern Africa
T185,Africa,Block4,9,19,Eastern Africa
T185,Africa,Block4,,,Eastern Africa
T185,Africa,Block4,,,Eastern Africa
T185,Africa,Block4,,,Eastern Africa
T186,Africa,Block8,8,23,Eastern Africa
T186,Africa,Block8,8,21,Eastern Africa
T186,Africa,Block8,9.1,27,Eastern Africa
T186,Africa,Block8,8.4,25,Eastern Africa
T186,Africa,Block8,7.8,22,Eastern Africa
T187,Africa,Block4,,,Eastern Africa
T187,Africa,Block4,,,Eastern Africa
T187,Africa,Block4,,,Eastern Africa
T187,Africa,Block4,,,Eastern Africa
T187,Africa,Block4,,,Eastern Africa
T188,Africa,Block6,,,Eastern Africa
T188,Africa,Block6,,,Eastern Africa
T188,Africa,Block6,,,Eastern Africa
T188,Africa,Block6,,,Eastern Africa
T188,Africa,Block6,,,Eastern Africa
T189,Africa,Block6,7.4,18,Eastern Africa
T189,Africa,Block6,7.3,19,Eastern Africa
T189,Africa,Block6,7.4,18,Eastern Africa
T189,Africa,Block6,7.9,19,Eastern Africa
T189,Africa,Block6,,,Eastern Africa
T190,Africa,Block8,,,Eastern Africa
T190,Africa,Block8,8.2,23,Eastern Africa
T190,Africa,Block8,,,Eastern Africa
T190,Africa,Block8,7.4,17,Eastern Africa
T190,Africa,Block8,,,Eastern Africa
T191,Africa,Block7,9.4,18,Eastern Africa
T191,Africa,Block7,10.2,21,Eastern Africa
T191,Africa,Block7,9.1,20,Eastern Africa
T191,Africa,Block7,8.6,22,Eastern Africa
T191,Africa,Block7,,,Eastern Africa
T192,Africa,Block8,9.1,19,Eastern Africa
T192,Africa,Block8,8.4,25,Eastern Africa
T192,Africa,Block8,7.9,24,Eastern Africa
T192,Africa,Block8,,,Eastern Africa
T192,Africa,Block8,,,Eastern Africa
T193,Africa,Block7,7.3,23,Eastern Africa
T193,Africa,Block7,,,Eastern Africa
T193,Africa,Block7,,,Eastern Africa
T193,Africa,Block7,,,Eastern Africa
T193,Africa,Block7,,,Eastern Africa
T194,Africa,Block7,8.5,25,Eastern Africa
T194,Africa,Block7,7,23,Eastern Africa
T194,Africa,Block7,9.2,20,Eastern Africa
T194,Africa,Block7,9.4,17,Eastern Africa
T194,Africa,Block7,,,Eastern Africa
T195,Africa,Block4,7,21,Eastern Africa
T195,Africa,Block4,6.9,18,Eastern Africa
T195,Africa,Block4,5.9,18,Eastern Africa
T195,Africa,Block4,6.8,18,Eastern Africa
T195,Africa,Block4,,,Eastern Africa
T196,Africa,Block6,9.5,22,Eastern Africa
T196,Africa,Block6,7.5,22,Eastern Africa
T196,Africa,Block6,7.3,26,Eastern Africa
T196,Africa,Block6,7.1,20,Eastern Africa
T196,Africa,Block6,,21,Eastern Africa
T197,Africa,Block1,7.6,,Eastern Africa
T197,Africa,Block1,,,Eastern Africa
T197,Africa,Block1,,,Eastern Africa
T197,Africa,Block1,,,Eastern Africa
T197,Africa,Block1,,,Eastern Africa
T198,Africa,Block5,,,Eastern Africa
T198,Africa,Block5,,,Eastern Africa
T198,Africa,Block5,,,Eastern Africa
T198,Africa,Block5,,,Eastern Africa
T198,Africa,Block5,,,Eastern Africa
T199,Africa,Block3,6.3,26,Eastern Africa
T199,Africa,Block3,7.3,22,Eastern Africa
T199,Africa,Block3,6.8,22,Eastern Africa
T199,Africa,Block3,,,Eastern Africa
T199,Africa,Block3,,,Eastern Africa
T200,Africa,Block7,,,Central Africa
T200,Africa,Block7,,,Central Africa
T200,Africa,Block7,,,Central Africa
T200,Africa,Block7,,,Central Africa
T200,Africa,Block7,,,Central Africa
T201,Africa,Block7,7.6,22,Central Africa
T201,Africa,Block7,7.3,23,Central Africa
T201,Africa,Block7,7.8,21,Central Africa
T201,Africa,Block7,7.6,23,Central Africa
T201,Africa,Block7,,,Central Africa
T202,Africa,Block4,7.3,17,Central Africa
T202,Africa,Block4,5.9,13,Central Africa
T202,Africa,Block4,5.8,17,Central Africa
T202,Africa,Block4,,,Central Africa
T202,Africa,Block4,,,Central Africa
T203,Africa,Block3,7,16,Central Africa
T203,Africa,Block3,6.7,18,Central Africa
T203,Africa,Block3,7.4,19,Central Africa
T203,Africa,Block3,,,Central Africa
T203,Africa,Block3,,,Central Africa
T204,Africa,Block1,7.2,18,Central Africa
T204,Africa,Block1,7.8,24,Central Africa
T204,Africa,Block1,7.6,20,Central Africa
T204,Africa,Block1,,,Central Africa
T204,Africa,Block1,,,Central Africa
T205,Africa,Block2,7.9,16,Eastern Africa
T205,Africa,Block2,6.9,20,Eastern Africa
T205,Africa,Block2,6.5,21,Eastern Africa
T205,Africa,Block2,,,Eastern Africa
T205,Africa,Block2,,,Eastern Africa
T206,Africa,Block2,6.8,25,Central Africa
T206,Africa,Block2,7.9,21,Central Africa
T206,Africa,Block2,6,23,Central Africa
T206,Africa,Block2,,,Central Africa
T206,Africa,Block2,,,Central Africa
T207,Africa,Block4,8.5,26,Central Africa
T207,Africa,Block4,8.5,25,Central Africa
T207,Africa,Block4,7.3,26,Central Africa
T207,Africa,Block4,7.3,26,Central Africa
T207,Africa,Block4,7.6,22,Central Africa
T208,Africa,Block2,8.8,29,Northern Africa
T208,Africa,Block2,8.6,28,Northern Africa
T208,Africa,Block2,9.4,24,Northern Africa
T208,Africa,Block2,7.7,28,Northern Africa
T208,Africa,Block2,10.2,29,Northern Africa
T209,Africa,Block3,6.6,19,Northern Africa
T209,Africa,Block3,7.2,21,Northern Africa
T209,Africa,Block3,5.9,22,Northern Africa
T209,Africa,Block3,7.9,24,Northern Africa
T209,Africa,Block3,8.3,27,Northern Africa
T210,Africa,Block6,8.6,25,Northern Africa
T210,Africa,Block6,8.5,22,Northern Africa
T210,Africa,Block6,6.6,22,Northern Africa
T210,Africa,Block6,7.4,29,Northern Africa
T210,Africa,Block6,,,Northern Africa
T211,Africa,Block8,7,17,Eastern Africa
T211,Africa,Block8,8.1,22,Eastern Africa
T211,Africa,Block8,7.3,19,Eastern Africa
T211,Africa,Block8,8,23,Eastern Africa
T211,Africa,Block8,,,Eastern Africa
T212,Africa,Block3,7.9,19,Eastern Africa
T212,Africa,Block3,6.2,22,Eastern Africa
T212,Africa,Block3,6,22,Eastern Africa
T212,Africa,Block3,7.3,23,Eastern Africa
T212,Africa,Block3,,,Eastern Africa
T213,Africa,Block1,5.5,21,Eastern Africa
T213,Africa,Block1,3.4,14,Eastern Africa
T213,Africa,Block1,7.6,29,Eastern Africa
T213,Africa,Block1,7.7,29,Eastern Africa
T213,Africa,Block1,5.4,23,Eastern Africa
T214,Africa,Block6,8.3,25,Western Africa
T214,Africa,Block6,7.7,25,Western Africa
T214,Africa,Block6,9.1,27,Western Africa
T214,Africa,Block6,8.3,26,Western Africa
T214,Africa,Block6,9.1,32,Western Africa
T215,Africa,Block8,7.8,21,Eastern Africa
T215,Africa,Block8,6.7,19,Eastern Africa
T215,Africa,Block8,6.3,19,Eastern Africa
T215,Africa,Block8,6.6,18,Eastern Africa
T215,Africa,Block8,6.5,19,Eastern Africa
T216,Africa,Block2,8.5,24,Northern Africa
T216,Africa,Block2,8,21,Northern Africa
T216,Africa,Block2,8.4,23,Northern Africa
T216,Africa,Block2,8.5,20,Northern Africa
T216,Africa,Block2,8.3,20,Northern Africa
TN01,Africa,Block4,8.1,21,Northern Africa
TN01,Africa,Block4,9.6,20,Northern Africa
TN01,Africa,Block4,8.1,20,Northern Africa
TN01,Africa,Block4,8.9,21,Northern Africa
TN01,Africa,Block4,9.3,22,Northern Africa
T217,Africa,Block4,7.1,23,Western Africa
T217,Africa,Block4,7.2,22,Western Africa
T217,Africa,Block4,7.2,21,Western Africa
T217,Africa,Block4,,,Western Africa
T217,Africa,Block4,,,Western Africa
T218,Africa,Block8,9.1,25,Eastern Africa
T218,Africa,Block8,12.9,25,Eastern Africa
T218,Africa,Block8,12.3,21,Eastern Africa
T218,Africa,Block8,,,Eastern Africa
T218,Africa,Block8,,,Eastern Africa
T219,Africa,Block7,8.4,23,Northern Africa
T219,Africa,Block7,7.7,22,Northern Africa
T219,Africa,Block7,8,27,Northern Africa
T219,Africa,Block7,7.1,26,Northern Africa
T219,Africa,Block7,7.2,26,Northern Africa
T220,Africa,Block8,7.4,23,Northern Africa
T220,Africa,Block8,7.8,21,Northern Africa
T220,Africa,Block8,7.8,17,Northern Africa
T220,Africa,Block8,7.6,21,Northern Africa
T220,Africa,Block8,,,Northern Africa
T221,Africa,Block5,6.4,25,Western Africa
T221,Africa,Block5,6.5,24,Western Africa
T221,Africa,Block5,7.4,23,Western Africa
T221,Africa,Block5,7.4,25,Western Africa
T221,Africa,Block5,,,Western Africa
T222,Africa,Block6,7.1,25,Western Africa
T222,Africa,Block6,7.2,24,Western Africa
T222,Africa,Block6,7.2,25,Western Africa
T222,Africa,Block6,,,Western Africa
T222,Africa,Block6,,,Western Africa
T224,Africa,Block5,7.9,25,Western Africa
T224,Africa,Block5,8.2,27,Western Africa
T224,Africa,Block5,7.1,25,Western Africa
T224,Africa,Block5,7.4,26,Western Africa
T224,Africa,Block5,7.2,25,Western Africa
T225,Africa,Block2,6.7,24,Western Africa
T225,Africa,Block2,6.6,23,Western Africa
T225,Africa,Block2,7.2,27,Western Africa
T225,Africa,Block2,,,Western Africa
T225,Africa,Block2,,,Western Africa
T227,Africa,Block8,7.8,22,Northern Africa
T227,Africa,Block8,7.9,24,Northern Africa
T227,Africa,Block8,9.1,25,Northern Africa
T227,Africa,Block8,8.1,24,Northern Africa
T227,Africa,Block8,,,Northern Africa
T228,Africa,Block6,8,24,Northern Africa
T228,Africa,Block6,7.5,23,Northern Africa
T228,Africa,Block6,7.2,23,Northern Africa
T228,Africa,Block6,,,Northern Africa
T228,Africa,Block6,,,Northern Africa
T229,Africa,Block2,7.9,30,Northern Africa
T229,Africa,Block2,8.9,34,Northern Africa
T229,Africa,Block2,8.3,34,Northern Africa
T229,Africa,Block2,9,35,Northern Africa
T229,Africa,Block2,9.4,38,Northern Africa
T230,Africa,Block6,7.5,27,Northern Africa
T230,Africa,Block6,9.6,23,Northern Africa
T230,Africa,Block6,7.2,22,Northern Africa
T230,Africa,Block6,8.1,23,Northern Africa
T230,Africa,Block6,7.1,22,Northern Africa
T231,Africa,Block7,8.1,21,Northern Africa
T231,Africa,Block7,8.3,26,Northern Africa
T231,Africa,Block7,7.6,22,Northern Africa
T231,Africa,Block7,6.7,21,Northern Africa
T231,Africa,Block7,7.4,22,Northern Africa
T232,Africa,Block2,7,23,Northern Africa
T232,Africa,Block2,7.5,21,Northern Africa
T232,Africa,Block2,6.8,23,Northern Africa
T232,Africa,Block2,7.3,24,Northern Africa
T232,Africa,Block2,6,19,Northern Africa
T233,Africa,Block7,6.7,24,Northern Africa
T233,Africa,Block7,6.3,24,Northern Africa
T233,Africa,Block7,6.9,23,Northern Africa
T233,Africa,Block7,7.8,23,Northern Africa
T233,Africa,Block7,,,Northern Africa
T234,Africa,Block1,7.8,24,Northern Africa
T234,Africa,Block1,8.1,30,Northern Africa
T234,Africa,Block1,8,26,Northern Africa
T234,Africa,Block1,8.2,22,Northern Africa
T234,Africa,Block1,7.2,21,Northern Africa
T235,Africa,Block6,7.4,18,Eastern Africa
T235,Africa,Block6,8.2,22,Eastern Africa
T235,Africa,Block6,7.7,20,Eastern Africa
T235,Africa,Block6,,,Eastern Africa
T235,Africa,Block6,,,Eastern Africa
T236,Africa,Block8,6.3,23,Eastern Africa
T236,Africa,Block8,7.2,23,Eastern Africa
T236,Africa,Block8,6.9,23,Eastern Africa
T236,Africa,Block8,,,Eastern Africa
T236,Africa,Block8,,,Eastern Africa
T237,Africa,Block6,7.1,32,Central Africa
T237,Africa,Block6,7,22,Central Africa
T237,Africa,Block6,7.8,24,Central Africa
T237,Africa,Block6,6.4,28,Central Africa
T237,Africa,Block6,7.4,27,Central Africa
T238,Africa,Block1,7.1,29,Northern Africa
T238,Africa,Block1,8,28,Northern Africa
T238,Africa,Block1,,,Northern Africa
T238,Africa,Block1,,,Northern Africa
T238,Africa,Block1,,,Northern Africa
T239,Africa,Block6,8,21,Eastern Africa
T239,Africa,Block6,7.1,18,Eastern Africa
T239,Africa,Block6,7.5,20,Eastern Africa
T239,Africa,Block6,7.5,22,Eastern Africa
T239,Africa,Block6,,,Eastern Africa
T240,Africa,Block6,7.4,32,Eastern Africa
T240,Africa,Block6,6.7,36,Eastern Africa
T240,Africa,Block6,7.2,25,Eastern Africa
T240,Africa,Block6,8.1,32,Eastern Africa
T240,Africa,Block6,7.9,30,Eastern Africa
T241,Africa,Block1,8.1,25,Eastern Africa
T241,Africa,Block1,7.3,26,Eastern Africa
T241,Africa,Block1,8,27,Eastern Africa
T241,Africa,Block1,8,28,Eastern Africa
T241,Africa,Block1,8.5,26,Eastern Africa
T242,Africa,Block2,7.3,23,Eastern Africa
T242,Africa,Block2,7.8,26,Eastern Africa
T242,Africa,Block2,6.7,21,Eastern Africa
T242,Africa,Block2,6.9,26,Eastern Africa
T242,Africa,Block2,7.4,24,Eastern Africa
T243,Africa,Block3,7.2,23,Eastern Africa
T243,Africa,Block3,7.6,20,Eastern Africa
T243,Africa,Block3,7.7,22,Eastern Africa
T243,Africa,Block3,7.3,25,Eastern Africa
T243,Africa,Block3,7.6,29,Eastern Africa
T244,Africa,Block6,8,31,Eastern Africa
T244,Africa,Block6,6.8,23,Eastern Africa
T244,Africa,Block6,7.7,25,Eastern Africa
T244,Africa,Block6,9,27,Eastern Africa
T244,Africa,Block6,,,Eastern Africa
T245,Africa,Block4,6.9,24,Eastern Africa
T245,Africa,Block4,6.6,24,Eastern Africa
T245,Africa,Block4,6.2,26,Eastern Africa
T245,Africa,Block4,,,Eastern Africa
T245,Africa,Block4,,,Eastern Africa
T246,Africa,Block6,7.5,26,Northern Africa
T246,Africa,Block6,6.8,25,Northern Africa
T246,Africa,Block6,7.8,30,Northern Africa
T246,Africa,Block6,7.3,28,Northern Africa
T246,Africa,Block6,6.5,23,Northern Africa
T247,Africa,Block6,7.4,28,Northern Africa
T247,Africa,Block6,5.7,28,Northern Africa
T247,Africa,Block6,6.7,21,Northern Africa
T247,Africa,Block6,7.8,30,Northern Africa
T247,Africa,Block6,7.1,29,Northern Africa
T248,Africa,Block3,8.3,34,Eastern Africa
T248,Africa,Block3,8.1,33,Eastern Africa
T248,Africa,Block3,7.3,26,Eastern Africa
T248,Africa,Block3,7.3,26,Eastern Africa
T248,Africa,Block3,7.6,29,Eastern Africa
T249,Africa,Block7,7.8,30,Eastern Africa
T249,Africa,Block7,8.3,30,Eastern Africa
T249,Africa,Block7,7.5,32,Eastern Africa
T249,Africa,Block7,6.5,26,Eastern Africa
T249,Africa,Block7,6.8,30,Eastern Africa
T250,Africa,Block4,7.2,23,Eastern Africa
T250,Africa,Block4,8,28,Eastern Africa
T250,Africa,Block4,7.6,30,Eastern Africa
T250,Africa,Block4,7.8,22,Eastern Africa
T250,Africa,Block4,7.1,28,Eastern Africa
T251,Africa,Block2,6.8,26,Eastern Africa
T251,Africa,Block2,6.5,32,Eastern Africa
T251,Africa,Block2,6.6,27,Eastern Africa
T251,Africa,Block2,8.5,26,Eastern Africa
T251,Africa,Block2,7.2,29,Eastern Africa
T252,Africa,Block1,7.7,23,Eastern Africa
T252,Africa,Block1,7.4,19,Eastern Africa
T252,Africa,Block1,7.8,22,Eastern Africa
T252,Africa,Block1,7.1,17,Eastern Africa
T252,Africa,Block1,,,Eastern Africa
T253,Africa,Block2,5.8,23,Eastern Africa
T253,Africa,Block2,6.9,18,Eastern Africa
T253,Africa,Block2,8.2,18,Eastern Africa
T253,Africa,Block2,,,Eastern Africa
T253,Africa,Block2,,,Eastern Africa
T254,Africa,Block6,9.1,18,Eastern Africa
T254,Africa,Block6,7.8,22,Eastern Africa
T254,Africa,Block6,9.2,15,Eastern Africa
T254,Africa,Block6,7.3,20,Eastern Africa
T254,Africa,Block6,8.1,23,Eastern Africa
T255,Africa,Block4,6.4,18,Eastern Africa
T255,Africa,Block4,8.1,19,Eastern Africa
T255,Africa,Block4,7.8,23,Eastern Africa
T255,Africa,Block4,7.5,21,Eastern Africa
T255,Africa,Block4,7.8,21,Eastern Africa
T256,Africa,Block5,5.9,21,Northern Africa
T256,Africa,Block5,6.1,24,Northern Africa
T256,Africa,Block5,6.8,21,Northern Africa
T256,Africa,Block5,5.6,21,Northern Africa
T256,Africa,Block5,5.7,22,Northern Africa
T257,Africa,Block5,8,28,Eastern Africa
T257,Africa,Block5,7.1,27,Eastern Africa
T257,Africa,Block5,7.2,25,Eastern Africa
T257,Africa,Block5,6.7,26,Eastern Africa
T257,Africa,Block5,7.1,23,Eastern Africa
T258,Africa,Block5,7.5,26,Eastern Africa
T258,Africa,Block5,7,24,Eastern Africa
T258,Africa,Block5,7.5,22,Eastern Africa
T258,Africa,Block5,6.8,21,Eastern Africa
T258,Africa,Block5,7.7,23,Eastern Africa
T259,Africa,Block8,11.4,24,Eastern Africa
T259,Africa,Block8,7.1,26,Eastern Africa
T259,Africa,Block8,8,28,Eastern Africa
T259,Africa,Block8,7.3,27,Eastern Africa
T259,Africa,Block8,7.6,28,Eastern Africa
T260,Africa,Block7,,,Eastern Africa
T260,Africa,Block7,,,Eastern Africa
T260,Africa,Block7,,,Eastern Africa
T260,Africa,Block7,,,Eastern Africa
T260,Africa,Block7,,,Eastern Africa
T261,Africa,Block7,8.1,29,Northern Africa
T261,Africa,Block7,7.6,27,Northern Africa
T261,Africa,Block7,8,27,Northern Africa
T261,Africa,Block7,7.2,25,Northern Africa
T261,Africa,Block7,7,26,Northern Africa
T262,Africa,Block5,8.1,27,Northern Africa
T262,Africa,Block5,7.1,22,Northern Africa
T262,Africa,Block5,7.7,24,Northern Africa
T262,Africa,Block5,7.2,25,Northern Africa
T262,Africa,Block5,6.2,29,Northern Africa
T263,Africa,Block3,8.2,29,Northern Africa
T263,Africa,Block3,7.1,29,Northern Africa
T263,Africa,Block3,7,21,Northern Africa
T263,Africa,Block3,7.1,27,Northern Africa
T263,Africa,Block3,7.9,30,Northern Africa
T264,Africa,Block5,7.3,26,Northern Africa
T264,Africa,Block5,6.5,25,Northern Africa
T264,Africa,Block5,7.5,27,Northern Africa
T264,Africa,Block5,7.9,29,Northern Africa
T264,Africa,Block5,6.7,27,Northern Africa
T265,Africa,Block6,8.2,30,Northern Africa
T265,Africa,Block6,7.8,29,Northern Africa
T265,Africa,Block6,7.5,32,Northern Africa
T265,Africa,Block6,7,28,Northern Africa
T265,Africa,Block6,7.8,31,Northern Africa
T266,Africa,Block7,6.9,24,Northern Africa
T266,Africa,Block7,6.4,29,Northern Africa
T266,Africa,Block7,6.3,29,Northern Africa
T266,Africa,Block7,9.5,25,Northern Africa
T266,Africa,Block7,7.3,29,Northern Africa
T267,Africa,Block5,6.7,28,Northern Africa
T267,Africa,Block5,7.1,29,Northern Africa
T267,Africa,Block5,7,33,Northern Africa
T267,Africa,Block5,7.8,28,Northern Africa
T267,Africa,Block5,8,30,Northern Africa
T268,Africa,Block5,7.6,24,Eastern Africa
T268,Africa,Block5,6.3,20,Eastern Africa
T268,Africa,Block5,7.6,29,Eastern Africa
T268,Africa,Block5,6.3,25,Eastern Africa
T268,Africa,Block5,7.5,31,Eastern Africa
T269,Africa,Block8,7.8,26,Northern Africa
T269,Africa,Block8,8.6,30,Northern Africa
T269,Africa,Block8,7.4,30,Northern Africa
T269,Africa,Block8,7.6,32,Northern Africa
T269,Africa,Block8,6.6,26,Northern Africa
T270,Africa,Block1,6.9,28,Northern Africa
T270,Africa,Block1,6.7,26,Northern Africa
T270,Africa,Block1,6.7,27,Northern Africa
T270,Africa,Block1,8,31,Northern Africa
T270,Africa,Block1,7.5,28,Northern Africa
T271,Africa,Block6,10.3,34,Northern Africa
T271,Africa,Block6,7.4,32,Northern Africa
T271,Africa,Block6,8.4,30,Northern Africa
T271,Africa,Block6,9.2,35,Northern Africa
T271,Africa,Block6,7.5,25,Northern Africa
T272,Africa,Block2,7.8,25,Northern Africa
T272,Africa,Block2,8.3,31,Northern Africa
T272,Africa,Block2,7.4,32,Northern Africa
T272,Africa,Block2,6.5,30,Northern Africa
T272,Africa,Block2,7.2,28,Northern Africa
T273,Africa,Block4,6.5,23,Southern Africa
T273,Africa,Block4,7.1,30,Southern Africa
T273,Africa,Block4,6.8,37,Southern Africa
T273,Africa,Block4,6.7,29,Southern Africa
T273,Africa,Block4,8,32,Southern Africa
T274,Africa,Block3,6.6,29,Eastern Africa
T274,Africa,Block3,6.5,26,Eastern Africa
T274,Africa,Block3,7.7,30,Eastern Africa
T274,Africa,Block3,7,27,Eastern Africa
T274,Africa,Block3,6.5,29,Eastern Africa
T275,Africa,Block8,8.1,31,Northern Africa
T275,Africa,Block8,6.9,28,Northern Africa
T275,Africa,Block8,8.2,27,Northern Africa
T275,Africa,Block8,7.4,25,Northern Africa
T275,Africa,Block8,7.7,27,Northern Africa
T276,Africa,Block2,7,27,Northern Africa
T276,Africa,Block2,6.9,28,Northern Africa
T276,Africa,Block2,7.7,28,Northern Africa
T276,Africa,Block2,7.7,31,Northern Africa
T276,Africa,Block2,7.3,30,Northern Africa
T278,Africa,Block1,,,Northern Africa
T279,Africa,Block8,,,Northern Africa
T279,Africa,Block8,,,Northern Africa
T279,Africa,Block8,,,Northern Africa
T279,Africa,Block8,,,Northern Africa
T280,Africa,Block7,6.8,25,Western Africa
T280,Africa,Block7,7.5,28,Western Africa
T280,Africa,Block7,10.9,27,Western Africa
T280,Africa,Block7,7.4,34,Western Africa
T280,Africa,Block7,7.4,31,Western Africa
T281,Africa,Block1,7.6,27,Western Africa
T281,Africa,Block1,7.8,37,Western Africa
T281,Africa,Block1,8.4,37,Western Africa
T281,Africa,Block1,7,27,Western Africa
T281,Africa,Block1,7.4,31,Western Africa
T282,Africa,Block7,9.9,25,Northern Africa
T282,Africa,Block7,6.6,26,Northern Africa
T282,Africa,Block7,7.6,31,Northern Africa
T282,Africa,Block7,8.9,21,Northern Africa
T282,Africa,Block7,8.4,29,Northern Africa
T283,Africa,Block7,7.9,32,Northern Africa
T283,Africa,Block7,8.4,31,Northern Africa
T283,Africa,Block7,8.4,27,Northern Africa
T283,Africa,Block7,7.7,33,Northern Africa
T283,Africa,Block7,9.5,28,Northern Africa
T284,Africa,Block8,8.3,32,Western Africa
T284,Africa,Block8,8.1,32,Western Africa
T284,Africa,Block8,8.1,32,Western Africa
T284,Africa,Block8,8.4,28,Western Africa
T284,Africa,Block8,7.4,27,Western Africa
T285,Africa,Block1,7.4,16,Northern Africa
T285,Africa,Block1,6.7,24,Northern Africa
T285,Africa,Block1,7.3,32,Northern Africa
T285,Africa,Block1,7.8,26,Northern Africa
T285,Africa,Block1,7.4,29,Northern Africa
T286,Africa,Block7,7,28,Northern Africa
T286,Africa,Block7,6.6,27,Northern Africa
T286,Africa,Block7,7.8,25,Northern Africa
T286,Africa,Block7,7.8,28,Northern Africa
T286,Africa,Block7,7.3,28,Northern Africa
T287,Africa,Block6,7.1,23,Northern Africa
T287,Africa,Block6,8,20,Northern Africa
T287,Africa,Block6,6.6,28,Northern Africa
T287,Africa,Block6,6.1,30,Northern Africa
T287,Africa,Block6,7,22,Northern Africa
T288,Africa,Block4,8.5,27,Northern Africa
T288,Africa,Block4,6.3,23,Northern Africa
T288,Africa,Block4,6.4,31,Northern Africa
T288,Africa,Block4,7.7,30,Northern Africa
T288,Africa,Block4,9.6,30,Northern Africa
T289,Africa,Block5,7.6,29,Northern Africa
T289,Africa,Block5,9.1,27,Northern Africa
T289,Africa,Block5,8.4,36,Northern Africa
T289,Africa,Block5,6.4,26,Northern Africa
T289,Africa,Block5,6.5,29,Northern Africa
T290,Africa,Block1,6.5,31,Eastern Africa
T290,Africa,Block1,7.7,34,Eastern Africa
T290,Africa,Block1,8,34,Eastern Africa
T290,Africa,Block1,8,33,Eastern Africa
T290,Africa,Block1,7.6,36,Eastern Africa
T291,Africa,Block3,7.3,26,Northern Africa
T291,Africa,Block3,7.4,29,Northern Africa
T291,Africa,Block3,7.3,25,Northern Africa
T291,Africa,Block3,6.8,26,Northern Africa
T291,Africa,Block3,6.6,25,Northern Africa
T292,Africa,Block1,7.8,29,Eastern Africa
T292,Africa,Block1,8,24,Eastern Africa
T292,Africa,Block1,7.4,29,Eastern Africa
T292,Africa,Block1,8,21,Eastern Africa
T292,Africa,Block1,8,19,Eastern Africa
T293,Africa,Block3,8.2,24,Northern Africa
T293,Africa,Block3,8.1,32,Northern Africa
T293,Africa,Block3,7.9,29,Northern Africa
T293,Africa,Block3,7.2,29,Northern Africa
T293,Africa,Block3,7.9,28,Northern Africa
T357,Asia,Block5,8.1,27,Southern Asia
T357,Asia,Block5,6.6,15,Southern Asia
T357,Asia,Block5,7.1,22,Southern Asia
T357,Asia,Block5,7.2,17,Southern Asia
T357,Asia,Block5,7.8,23,Southern Asia
T358,Asia,Block7,8.5,20,Southern Asia
T358,Asia,Block7,8.3,21,Southern Asia
T358,Asia,Block7,7.5,16,Southern Asia
T358,Asia,Block7,7.1,16,Southern Asia
T358,Asia,Block7,7.3,18,Southern Asia
T359,Asia,Block3,7,27,Southern Asia
T359,Asia,Block3,6.7,25,Southern Asia
T359,Asia,Block3,7.2,22,Southern Asia
T359,Asia,Block3,7.1,24,Southern Asia
T359,Asia,Block3,6.9,22,Southern Asia
T360,Asia,Block8,7.9,23,Southern Asia
T360,Asia,Block8,7,21,Southern Asia
T360,Asia,Block8,9.2,25,Southern Asia
T360,Asia,Block8,6,22,Southern Asia
T360,Asia,Block8,6.8,21,Southern Asia
T361,Asia,Block3,7.6,24,Southern Asia
T361,Asia,Block3,6.9,22,Southern Asia
T361,Asia,Block3,6.6,26,Southern Asia
T361,Asia,Block3,7.2,24,Southern Asia
T361,Asia,Block3,8.3,23,Southern Asia
T362,Asia,Block8,7.7,26,Southern Asia
T362,Asia,Block8,8.2,27,Southern Asia
T362,Asia,Block8,7.1,24,Southern Asia
T362,Asia,Block8,8.5,29,Southern Asia
T362,Asia,Block8,7.7,22,Southern Asia
T363,Asia,Block4,7.5,25,Southern Asia
T363,Asia,Block4,7.8,23,Southern Asia
T363,Asia,Block4,7.7,25,Southern Asia
T363,Asia,Block4,7.7,29,Southern Asia
T363,Asia,Block4,7.5,24,Southern Asia
T364,Asia,Block3,7.4,24,Southern Asia
T364,Asia,Block3,7.3,23,Southern Asia
T364,Asia,Block3,6.4,21,Southern Asia
T364,Asia,Block3,6.9,27,Southern Asia
T364,Asia,Block3,6.1,23,Southern Asia
T365,Asia,Block8,8.4,27,Southern Asia
T365,Asia,Block8,8.5,31,Southern Asia
T365,Asia,Block8,7,25,Southern Asia
T365,Asia,Block8,7.6,27,Southern Asia
T365,Asia,Block8,7.9,26,Southern Asia
T366,Asia,Block2,6.9,24,Southern Asia
T366,Asia,Block2,6.8,25,Southern Asia
T366,Asia,Block2,6.5,23,Southern Asia
T366,Asia,Block2,6.3,22,Southern Asia
T366,Asia,Block2,6.2,24,Southern Asia
T324,Asia,Block2,8.9,22,Eastern Asia
T324,Asia,Block2,8.9,23,Eastern Asia
T324,Asia,Block2,8.4,22,Eastern Asia
T324,Asia,Block2,8.7,20,Eastern Asia
T324,Asia,Block2,9.5,23,Eastern Asia
T325,Asia,Block1,7.2,23,Eastern Asia
T325,Asia,Block1,5.6,19,Eastern Asia
T325,Asia,Block1,6.3,27,Eastern Asia
T325,Asia,Block1,8.5,19,Eastern Asia
T325,Asia,Block1,7.4,33,Eastern Asia
T326,Asia,Block6,7.6,26,Eastern Asia
T326,Asia,Block6,9.4,20,Eastern Asia
T326,Asia,Block6,7,25,Eastern Asia
T326,Asia,Block6,7.6,26,Eastern Asia
T326,Asia,Block6,8,23,Eastern Asia
T327,Asia,Block5,7.2,21,Eastern Asia
T327,Asia,Block5,6.4,19,Eastern Asia
T327,Asia,Block5,6.4,23,Eastern Asia
T327,Asia,Block5,6.3,22,Eastern Asia
T327,Asia,Block5,7.4,19,Eastern Asia
T328,Asia,Block6,7.4,26,Eastern Asia
T328,Asia,Block6,8.3,30,Eastern Asia
T328,Asia,Block6,6.8,25,Eastern Asia
T328,Asia,Block6,6.5,23,Eastern Asia
T328,Asia,Block6,6.6,25,Eastern Asia
T329,Africa,Block7,8.6,29,Northern Africa
T329,Africa,Block7,9.1,23,Northern Africa
T329,Africa,Block7,7.8,18,Northern Africa
T329,Africa,Block7,7.9,28,Northern Africa
T329,Africa,Block7,7.7,26,Northern Africa
T330,Africa,Block3,8.4,25,Northern Africa
T330,Africa,Block3,9.2,31,Northern Africa
T330,Africa,Block3,8.3,28,Northern Africa
T330,Africa,Block3,7.8,23,Northern Africa
T330,Africa,Block3,7.4,20,Northern Africa
T331,Africa,Block8,10.2,24,Northern Africa
T331,Africa,Block8,9.3,26,Northern Africa
T331,Africa,Block8,9.7,29,Northern Africa
T331,Africa,Block8,10.3,26,Northern Africa
T331,Africa,Block8,8.4,27,Northern Africa
T304,Africa,Block5,6.9,19,Northern Africa
T304,Africa,Block5,7.4,22,Northern Africa
T304,Africa,Block5,7.3,22,Northern Africa
T304,Africa,Block5,8,26,Northern Africa
T304,Africa,Block5,8.7,27,Northern Africa
T305,Africa,Block4,5.7,20,Northern Africa
T305,Africa,Block4,7.2,22,Northern Africa
T305,Africa,Block4,7.7,28,Northern Africa
T305,Africa,Block4,8.6,24,Northern Africa
T305,Africa,Block4,7.4,22,Northern Africa
T306,Asia,Block3,7.6,19,Southern Asia
T306,Asia,Block3,5.4,16,Southern Asia
T306,Asia,Block3,6.8,25,Southern Asia
T306,Asia,Block3,6.7,19,Southern Asia
T306,Asia,Block3,6.5,20,Southern Asia
T307,Asia,Block8,7.4,19,Southern Asia
T307,Asia,Block8,7.2,17,Southern Asia
T307,Asia,Block8,7.8,18,Southern Asia
T307,Asia,Block8,6.7,16,Southern Asia
T307,Asia,Block8,6.2,18,Southern Asia
T308,Asia,Block8,7.1,31,Southern Asia
T308,Asia,Block8,7.7,26,Southern Asia
T308,Asia,Block8,7.4,27,Southern Asia
T308,Asia,Block8,,,Southern Asia
T308,Asia,Block8,,,Southern Asia
T309,Asia,Block1,6.8,26,Southern Asia
T309,Asia,Block1,6.7,25,Southern Asia
T309,Asia,Block1,5.8,16,Southern Asia
T309,Asia,Block1,7.3,23,Southern Asia
T309,Asia,Block1,6.2,26,Southern Asia
T310,Asia,Block1,7.1,27,Southern Asia
T310,Asia,Block1,7.2,21,Southern Asia
T310,Asia,Block1,7.3,25,Southern Asia
T310,Asia,Block1,6.9,26,Southern Asia
T310,Asia,Block1,7.4,27,Southern Asia
T311,Asia,Block6,7.3,19,Southern Asia
T311,Asia,Block6,8.2,23,Southern Asia
T311,Asia,Block6,7.8,22,Southern Asia
T311,Asia,Block6,7.6,24,Southern Asia
T311,Asia,Block6,6.9,20,Southern Asia
T312,Asia,Block5,6.9,20,Southern Asia
T312,Asia,Block5,6.2,20,Southern Asia
T312,Asia,Block5,6.5,21,Southern Asia
T312,Asia,Block5,7.3,21,Southern Asia
T312,Asia,Block5,6.4,20,Southern Asia
T313,Asia,Block3,7.1,18,Southern Asia
T313,Asia,Block3,7.7,20,Southern Asia
T313,Asia,Block3,7.4,21,Southern Asia
T313,Asia,Block3,7.9,17,Southern Asia
T313,Asia,Block3,7.4,18,Southern Asia
T347,Asia,Block7,7.1,19,Southern Asia
T347,Asia,Block7,6.5,19,Southern Asia
T347,Asia,Block7,6.5,17,Southern Asia
T347,Asia,Block7,5.8,15,Southern Asia
T347,Asia,Block7,7,19,Southern Asia
T348,Asia,Block4,7.1,22,Southern Asia
T348,Asia,Block4,6.5,19,Southern Asia
T348,Asia,Block4,8.2,23,Southern Asia
T348,Asia,Block4,7,19,Southern Asia
T348,Asia,Block4,7.2,22,Southern Asia
T349,Asia,Block5,7.1,21,Southern Asia
T349,Asia,Block5,8.2,29,Southern Asia
T349,Asia,Block5,6.9,20,Southern Asia
T349,Asia,Block5,7,26,Southern Asia
T349,Asia,Block5,8.8,27,Southern Asia
T350,Asia,Block2,6.4,19,Southern Asia
T350,Asia,Block2,6.6,22,Southern Asia
T350,Asia,Block2,6.9,24,Southern Asia
T350,Asia,Block2,6.9,24,Southern Asia
T350,Asia,Block2,5.2,21,Southern Asia
T351,Asia,Block3,7.2,33,Middle East
T351,Asia,Block3,7.3,27,Middle East
T351,Asia,Block3,6.2,23,Middle East
T351,Asia,Block3,6.6,28,Middle East
T351,Asia,Block3,5.7,28,Middle East
T352,Asia,Block5,7.1,23,Middle East
T352,Asia,Block5,8.1,22,Middle East
T352,Asia,Block5,6.7,13,Middle East
T352,Asia,Block5,7.4,22,Middle East
T352,Asia,Block5,6.2,20,Middle East
T353,Asia,Block5,6.5,24,Middle East
T353,Asia,Block5,7.2,21,Middle East
T353,Asia,Block5,6.2,20,Middle East
T353,Asia,Block5,6.4,30,Middle East
T353,Asia,Block5,7.5,25,Middle East
T354,Asia,Block8,7.1,25,Middle East
T354,Asia,Block8,,,Middle East
T354,Asia,Block8,,,Middle East
T354,Asia,Block8,,,Middle East
T354,Asia,Block8,,,Middle East
T355,Asia,Block4,6.9,25,Middle East
T355,Asia,Block4,5.3,19,Middle East
T355,Asia,Block4,6,21,Middle East
T355,Asia,Block4,,,Middle East
T355,Asia,Block4,,,Middle East
T356,Asia,Block2,6.5,27,Middle East
T356,Asia,Block2,6.3,21,Middle East
T356,Asia,Block2,7.6,26,Middle East
T356,Asia,Block2,,,Middle East
T356,Asia,Block2,,,Middle East
T367,Asia,Block3,7.5,21,Middle East
T367,Asia,Block3,6.8,16,Middle East
T367,Asia,Block3,6.8,22,Middle East
T367,Asia,Block3,,,Middle East
T367,Asia,Block3,,,Middle East
T368,Asia,Block3,7.3,27,Eastern Asia
T368,Asia,Block3,7,23,Eastern Asia
T368,Asia,Block3,6.9,26,Eastern Asia
T368,Asia,Block3,7.2,26,Eastern Asia
T368,Asia,Block3,7.8,24,Eastern Asia
T369,Asia,Block5,7.2,27,Eastern Asia
T369,Asia,Block5,7.1,27,Eastern Asia
T369,Asia,Block5,7.9,27,Eastern Asia
T369,Asia,Block5,8.9,28,Eastern Asia
T369,Asia,Block5,7.7,30,Eastern Asia
T370,Asia,Block2,7.7,18,Eastern Asia
T370,Asia,Block2,9.9,15,Eastern Asia
T370,Asia,Block2,8,20,Eastern Asia
T370,Asia,Block2,,,Eastern Asia
T370,Asia,Block2,,,Eastern Asia
T371,Asia,Block1,6.9,22,Eastern Asia
T371,Asia,Block1,7.4,22,Eastern Asia
T371,Asia,Block1,7.6,26,Eastern Asia
T371,Asia,Block1,7,21,Eastern Asia
T371,Asia,Block1,7,25,Eastern Asia
T372,Asia,Block3,6.5,19,Eastern Asia
T372,Asia,Block3,7,20,Eastern Asia
T372,Asia,Block3,,,Eastern Asia
T372,Asia,Block3,,,Eastern Asia
T372,Asia,Block3,,,Eastern Asia
T342,Asia,Block4,6.4,22,Eastern Asia
T342,Asia,Block4,7.9,28,Eastern Asia
T342,Asia,Block4,7.6,23,Eastern Asia
T342,Asia,Block4,6.5,28,Eastern Asia
T342,Asia,Block4,7.3,23,Eastern Asia
T343,Asia,Block4,7.5,21,Eastern Asia
T343,Asia,Block4,8.4,26,Eastern Asia
T343,Asia,Block4,7.8,22,Eastern Asia
T343,Asia,Block4,8,28,Eastern Asia
T343,Asia,Block4,,,Eastern Asia
T344,Asia,Block6,6.2,22,Eastern Asia
T344,Asia,Block6,6.5,26,Eastern Asia
T344,Asia,Block6,6.2,23,Eastern Asia
T344,Asia,Block6,6.2,29,Eastern Asia
T344,Asia,Block6,8.1,22,Eastern Asia
T345,Asia,Block7,8.1,31,Eastern Asia
T345,Asia,Block7,6.9,23,Eastern Asia
T345,Asia,Block7,6.6,24,Eastern Asia
T345,Asia,Block7,7.1,25,Eastern Asia
T345,Asia,Block7,7.3,33,Eastern Asia
T346,Asia,Block1,7.1,22,Eastern Asia
T346,Asia,Block1,6.7,21,Eastern Asia
T346,Asia,Block1,6.5,21,Eastern Asia
T346,Asia,Block1,7.5,27,Eastern Asia
T346,Asia,Block1,7.4,21,Eastern Asia
T314,Asia,Block7,8.1,27,Eastern Asia
T314,Asia,Block7,10.5,30,Eastern Asia
T314,Asia,Block7,8.8,28,Eastern Asia
T314,Asia,Block7,7.7,26,Eastern Asia
T314,Asia,Block7,8.7,25,Eastern Asia
T315,Asia,Block4,7.8,21,Eastern Asia
T315,Asia,Block4,8.2,21,Eastern Asia
T315,Asia,Block4,,,Eastern Asia
T315,Asia,Block4,,,Eastern Asia
T315,Asia,Block4,,,Eastern Asia
T316,Asia,Block4,7.3,30,Eastern Asia
T316,Asia,Block4,7.7,25,Eastern Asia
T316,Asia,Block4,7.6,32,Eastern Asia
T316,Asia,Block4,,,Eastern Asia
T316,Asia,Block4,,,Eastern Asia
T317,Asia,Block6,7,23,Eastern Asia
T317,Asia,Block6,6.6,20,Eastern Asia
T317,Asia,Block6,6.9,23,Eastern Asia
T317,Asia,Block6,6.9,23,Eastern Asia
T317,Asia,Block6,6.9,22,Eastern Asia
T318,Asia,Block3,6.4,31,Eastern Asia
T318,Asia,Block3,7.1,31,Eastern Asia
T318,Asia,Block3,7,29,Eastern Asia
T318,Asia,Block3,6.8,23,Eastern Asia
T318,Asia,Block3,,,Eastern Asia
T319,Others,Block6,7.1,22,Northern America
T319,Others,Block6,6.7,22,Northern America
T319,Others,Block6,7.6,24,Northern America
T319,Others,Block6,7.2,24,Northern America
T319,Others,Block6,,,Northern America
T320,Others,Block4,9.4,28,Northern America
T320,Others,Block4,8.3,23,Northern America
T320,Others,Block4,8.1,23,Northern America
T320,Others,Block4,8.5,21,Northern America
T320,Others,Block4,,,Northern America
T321,Others,Block3,7.6,35,Northern America
T321,Others,Block3,7.4,35,Northern America
T321,Others,Block3,8.1,25,Northern America
T321,Others,Block3,,,Northern America
T321,Others,Block3,,,Northern America
T322,Others,Block2,10.8,22,Northern America
T322,Others,Block2,9.2,21,Northern America
T322,Others,Block2,10.1,25,Northern America
T322,Others,Block2,10.2,20,Northern America
T322,Others,Block2,,,Northern America
T323,Others,Block3,9.1,26,Northern America
T323,Others,Block3,7.4,24,Northern America
T323,Others,Block3,,,Northern America
T323,Others,Block3,,,Northern America
T323,Others,Block3,,,Northern America
T373,Asia,Block2,7.6,26,Southern Asia
T373,Asia,Block2,8.1,24,Southern Asia
T373,Asia,Block2,8.3,27,Southern Asia
T373,Asia,Block2,,,Southern Asia
T373,Asia,Block2,,,Southern Asia
T374,Asia,Block2,5.6,18,Southern Asia
T374,Asia,Block2,6.5,19,Southern Asia
T374,Asia,Block2,5.5,21,Southern Asia
T374,Asia,Block2,,,Southern Asia
T374,Asia,Block2,,,Southern Asia
T375,Asia,Block5,7,14,Southern Asia
T375,Asia,Block5,6.6,19,Southern Asia
T375,Asia,Block5,6.8,21,Southern Asia
T375,Asia,Block5,,,Southern Asia
T375,Asia,Block5,,,Southern Asia
T376,Asia,Block5,7.4,24,Southern Asia
T376,Asia,Block5,7.5,27,Southern Asia
T376,Asia,Block5,8,22,Southern Asia
T376,Asia,Block5,7.7,24,Southern Asia
T376,Asia,Block5,,,Southern Asia
T377,Asia,Block5,8.5,21,Southern Asia
T377,Asia,Block5,7.7,22,Southern Asia
T377,Asia,Block5,7.8,19,Southern Asia
T377,Asia,Block5,,,Southern Asia
T377,Asia,Block5,,,Southern Asia
T378,Asia,Block5,8.1,21,Southern Asia
T378,Asia,Block5,6.7,20,Southern Asia
T378,Asia,Block5,6.9,21,Southern Asia
T378,Asia,Block5,,,Southern Asia
T378,Asia,Block5,,,Southern Asia
T379,Asia,Block7,8.1,20,Southern Asia
T379,Asia,Block7,7,24,Southern Asia
T379,Asia,Block7,6,26,Southern Asia
T379,Asia,Block7,,,Southern Asia
T379,Asia,Block7,,,Southern Asia
T380,Asia,Block1,5.7,18,Southern Asia
T380,Asia,Block1,6.6,24,Southern Asia
T380,Asia,Block1,6.5,22,Southern Asia
T380,Asia,Block1,8.3,21,Southern Asia
T380,Asia,Block1,6.9,24,Southern Asia
T381,Asia,Block2,6.3,21,Southern Asia
T381,Asia,Block2,6.2,21,Southern Asia
T381,Asia,Block2,5.9,21,Southern Asia
T381,Asia,Block2,,,Southern Asia
T381,Asia,Block2,,,Southern Asia
T332,Asia,Block6,7.5,21,Southern Asia
T332,Asia,Block6,7.2,18,Southern Asia
T332,Asia,Block6,7.2,20,Southern Asia
T332,Asia,Block6,7.4,22,Southern Asia
T332,Asia,Block6,7.1,22,Southern Asia
T333,Asia,Block5,6.2,23,Southern Asia
T333,Asia,Block5,7.1,24,Southern Asia
T333,Asia,Block5,6.8,26,Southern Asia
T333,Asia,Block5,7.3,22,Southern Asia
T333,Asia,Block5,7,21,Southern Asia
T334,Asia,Block8,6.4,24,Southern Asia
T334,Asia,Block8,7.1,23,Southern Asia
T334,Asia,Block8,6.5,26,Southern Asia
T334,Asia,Block8,,,Southern Asia
T334,Asia,Block8,,,Southern Asia
T335,Asia,Block2,10.3,36,Southern Asia
T335,Asia,Block2,8.7,28,Southern Asia
T335,Asia,Block2,11.3,31,Southern Asia
T335,Asia,Block2,,,Southern Asia
T335,Asia,Block2,,,Southern Asia
T336,Others,Block2,8.2,29,Eurasia
T336,Others,Block2,6.7,25,Eurasia
T336,Others,Block2,8.4,24,Eurasia
T336,Others,Block2,6.4,29,Eurasia
T336,Others,Block2,7.2,28,Eurasia
T337,Others,Block3,7.3,22,Eurasia
T337,Others,Block3,9.5,24,Eurasia
T337,Others,Block3,7.2,23,Eurasia
T337,Others,Block3,8.5,24,Eurasia
T337,Others,Block3,,,Eurasia
T338,Others,Block1,7.6,30,Eurasia
T338,Others,Block1,6.6,23,Eurasia
T338,Others,Block1,6.4,22,Eurasia
T338,Others,Block1,7.8,25,Eurasia
T338,Others,Block1,7,26,Eurasia
T339,Others,Block8,8.7,33,Eurasia
T339,Others,Block8,7.9,27,Eurasia
T339,Others,Block8,7.6,33,Eurasia
T339,Others,Block8,8.5,32,Eurasia
T339,Others,Block8,7.9,34,Eurasia
T340,Others,Block1,8,30,Eurasia
T340,Others,Block1,8.3,25,Eurasia
T340,Others,Block1,8.8,26,Eurasia
T340,Others,Block1,7.8,31,Eurasia
T340,Others,Block1,7.8,29,Eurasia
T341,Others,Block7,7.3,23,Eurasia
T341,Others,Block7,8.1,20,Eurasia
T341,Others,Block7,8.9,26,Eurasia
T341,Others,Block7,7.9,23,Eurasia
T341,Others,Block7,,,Eurasia
T294,Others,Block6,7.3,29,Middle East
T294,Others,Block6,8.7,25,Middle East
T294,Others,Block6,8,29,Middle East
T294,Others,Block6,8.6,28,Middle East
T294,Others,Block6,8,25,Middle East
T295,Others,Block1,10.3,23,Middle East
T295,Others,Block1,16,8,Middle East
T295,Others,Block1,15.7,8,Middle East
T295,Others,Block1,9.2,7,Middle East
T295,Others,Block1,7.7,29,Middle East
T296,Others,Block7,7.1,25,Middle East
T296,Others,Block7,6.5,22,Middle East
T296,Others,Block7,7.1,22,Middle East
T296,Others,Block7,8.1,21,Middle East
T296,Others,Block7,7,21,Middle East
T297,Others,Block4,8.1,34,Middle East
T297,Others,Block4,5.4,30,Middle East
T297,Others,Block4,7.4,28,Middle East
T297,Others,Block4,8.4,29,Middle East
T297,Others,Block4,,,Middle East
T298,Others,Block7,6.6,20,Middle East
T298,Others,Block7,6.2,28,Middle East
T298,Others,Block7,7.1,21,Middle East
T298,Others,Block7,7,26,Middle East
T298,Others,Block7,7.5,20,Middle East
T299,Others,Block3,8,29,Middle East
T299,Others,Block3,8.1,27,Middle East
T299,Others,Block3,6.9,23,Middle East
T299,Others,Block3,7.6,20,Middle East
T299,Others,Block3,,,Middle East
T300,Others,Block4,7.5,23,Middle East
T300,Others,Block4,8,21,Middle East
T300,Others,Block4,7.8,20,Middle East
T300,Others,Block4,8,23,Middle East
T300,Others,Block4,7,22,Middle East
T301,Others,Block4,7.5,28,Middle East
T301,Others,Block4,8.3,26,Middle East
T301,Others,Block4,7.1,15,Middle East
T301,Others,Block4,,,Middle East
T301,Others,Block4,,,Middle East
T302,Others,Block8,7.4,23,Middle East
T302,Others,Block8,8.1,25,Middle East
T302,Others,Block8,7.4,23,Middle East
T302,Others,Block8,7.7,23,Middle East
T302,Others,Block8,9,25,Middle East
T303,Others,Block6,7.7,28,Middle East
T303,Others,Block6,7.5,28,Middle East
T303,Others,Block6,7.6,22,Middle East
T303,Others,Block6,9.2,34,Middle East
T303,Others,Block6,8.5,30,Middle East
T382,Others,Block4,8.4,32,Middle East
T382,Others,Block4,6.9,22,Middle East
T382,Others,Block4,7.4,26,Middle East
T382,Others,Block4,7.5,19,Middle East
T382,Others,Block4,7.2,25,Middle East
T383,Others,Block4,7.9,35,Middle East
T383,Others,Block4,7.3,34,Middle East
T383,Others,Block4,7.7,34,Middle East
T383,Others,Block4,7,29,Middle East
T383,Others,Block4,7.2,27,Middle East
T384,Others,Block5,7.4,25,Middle East
T384,Others,Block5,7.8,27,Middle East
T384,Others,Block5,7.5,26,Middle East
T384,Others,Block5,9.3,29,Middle East
T384,Others,Block5,9.5,27,Middle East
T385,Others,Block8,7.6,24,Middle East
T385,Others,Block8,7.2,22,Middle East
T385,Others,Block8,6.8,24,Middle East
T385,Others,Block8,,,Middle East
T385,Others,Block8,,,Middle East
T386,Others,Block3,7.5,34,Northern America
T386,Others,Block3,6.8,33,Northern America
T386,Others,Block3,6.4,30,Northern America
T386,Others,Block3,8.4,29,Northern America
T386,Others,Block3,8.3,30,Northern America
T387,Others,Block5,7.2,23,Northern America
T387,Others,Block5,11.4,24,Northern America
T387,Others,Block5,6.7,23,Northern America
T387,Others,Block5,6.4,19,Northern America
T387,Others,Block5,6.5,25,Northern America
T388,Others,Block8,6.8,19,Northern America
T388,Others,Block8,7.3,20,Northern America
T388,Others,Block8,7.8,19,Northern America
T388,Others,Block8,6.6,18,Northern America
T388,Others,Block8,,,Northern America
T389,Others,Block7,6.7,25,Northern America
T389,Others,Block7,6.8,29,Northern America
T389,Others,Block7,8.3,25,Northern America
T389,Others,Block7,9.9,28,Northern America
T389,Others,Block7,6.5,24,Northern America
T390,Others,Block3,6.2,27,Northern America
T390,Others,Block3,6.7,26,Northern America
T390,Others,Block3,5.8,28,Northern America
T390,Others,Block3,6.5,25,Northern America
T390,Others,Block3,7.3,33,Northern America
T391,Others,Block8,7,35,Southern America
T391,Others,Block8,6.2,34,Southern America
T391,Others,Block8,,,Southern America
T391,Others,Block8,,,Southern America
T391,Others,Block8,,,Southern America
T392,Others,Block6,6.9,23,Southern America
T392,Others,Block6,7.1,19,Southern America
T392,Others,Block6,6.8,22,Southern America
T392,Others,Block6,,,Southern America
T392,Others,Block6,,,Southern America
T393,Others,Block6,7.2,25,Southern America
T393,Others,Block6,8.4,22,Southern America
T393,Others,Block6,8,21,Southern America
T393,Others,Block6,,,Southern America
T393,Others,Block6,,,Southern America
TN02,Asia,Block7,6.8,37,Eastern Asia
TN02,Asia,Block7,6.8,33,Eastern Asia
TN02,Asia,Block7,6.4,30,Eastern Asia
TN02,Asia,Block7,6.3,28,Eastern Asia
TN02,Asia,Block7,6.6,32,Eastern Asia
TN03,Asia,Block7,8.8,28,Eastern Asia
TN03,Asia,Block7,8.3,30,Eastern Asia
TN03,Asia,Block7,10.3,29,Eastern Asia
TN03,Asia,Block7,7.3,27,Eastern Asia
TN03,Asia,Block7,9.5,32,Eastern Asia
TN04,Asia,Block7,7.8,26,Eastern Asia
TN04,Asia,Block7,7.3,28,Eastern Asia
TN04,Asia,Block7,6.7,27,Eastern Asia
TN04,Asia,Block7,7,24,Eastern Asia
TN04,Asia,Block7,7.6,26,Eastern Asia
T428,Asia,Block2,9.1,21,Eastern Asia
T428,Asia,Block2,9.6,22,Eastern Asia
T428,Asia,Block2,7.8,20,Eastern Asia
T428,Asia,Block2,9.3,20,Eastern Asia
T428,Asia,Block2,6.1,21,Eastern Asia
T425,Asia,Block3,6.9,21,Unknown
T425,Asia,Block3,6.9,28,Unknown
T425,Asia,Block3,5.6,19,Unknown
T425,Asia,Block3,7.1,23,Unknown
T425,Asia,Block3,7.1,30,Unknown
T424,Asia,Block5,6.6,24,Eastern Asia
T424,Asia,Block5,,24,Eastern Asia
T424,Asia,Block5,6.7,22,Eastern Asia
T424,Asia,Block5,6.4,21,Eastern Asia
T424,Asia,Block5,6.9,27,Eastern Asia
TN05,Asia,Block7,7.4,31,Eastern Asia
TN05,Asia,Block7,7.1,31,Eastern Asia
TN05,Asia,Block7,7.8,32,Eastern Asia
TN05,Asia,Block7,7.6,30,Eastern Asia
TN05,Asia,Block7,7.3,20,Eastern Asia
T405,Asia,Block2,7.1,24,Unknown
T405,Asia,Block2,7.7,19,Unknown
T405,Asia,Block2,6.7,19,Unknown
T405,Asia,Block2,,,Unknown
T405,Asia,Block2,,,Unknown
T426,Asia,Block2,7.3,21,Eastern Asia
T426,Asia,Block2,8.1,17,Eastern Asia
T426,Asia,Block2,10.3,24,Eastern Asia
T426,Asia,Block2,5.9,19,Eastern Asia
T426,Asia,Block2,8.5,22,Eastern Asia
T417,Asia,Block2,7.7,27,Unknown
T417,Asia,Block2,7.5,20,Unknown
T417,Asia,Block2,6.3,23,Unknown
T417,Asia,Block2,8.5,20,Unknown
T417,Asia,Block2,6.7,20,Unknown
T416,Asia,Block2,8.8,29,Unknown
T416,Asia,Block2,9.2,37,Unknown
T416,Asia,Block2,9.7,37,Unknown
T416,Asia,Block2,8.9,36,Unknown
T416,Asia,Block2,7.1,30,Unknown
T427,Asia,Block7,6.6,26,Unknown
T427,Asia,Block7,5.9,21,Unknown
T427,Asia,Block7,6.9,27,Unknown
T427,Asia,Block7,6.6,24,Unknown
T427,Asia,Block7,7.9,27,Unknown
T418,Asia,Block8,9,35,Unknown
T418,Asia,Block8,8.9,34,Unknown
T418,Asia,Block8,8.6,30,Unknown
T418,Asia,Block8,8.3,29,Unknown
T418,Asia,Block8,,,Unknown
T421,Asia,Block2,6.6,31,Unknown
T421,Asia,Block2,6.5,29,Unknown
T421,Asia,Block2,6.6,26,Unknown
T421,Asia,Block2,,,Unknown
T421,Asia,Block2,,,Unknown
T420,Asia,Block5,6.8,32,Unknown
T420,Asia,Block5,6.6,35,Unknown
T420,Asia,Block5,7.9,36,Unknown
T420,Asia,Block5,6.7,37,Unknown
T420,Asia,Block5,7.4,33,Unknown
T422,Asia,Block8,7.4,32,Unknown
T422,Asia,Block8,7.7,31,Unknown
T422,Asia,Block8,6.4,30,Unknown
T422,Asia,Block8,6,29,Unknown
T422,Asia,Block8,,,Unknown
T406,Asia,Block2,6.9,22,Unknown
T406,Asia,Block2,6.9,21,Unknown
T406,Asia,Block2,6.3,19,Unknown
T406,Asia,Block2,6.5,22,Unknown
T406,Asia,Block2,6.5,21,Unknown
T419,Asia,Block4,6.4,14,Unknown
T419,Asia,Block4,5.8,13,Unknown
T419,Asia,Block4,5.2,15,Unknown
T419,Asia,Block4,5.5,15,Unknown
T419,Asia,Block4,6.5,19,Unknown
T423,Asia,Block5,7.9,20,Unknown
T423,Asia,Block5,1,26,Unknown
T423,Asia,Block5,10.5,23,Unknown
T423,Asia,Block5,9,27,Unknown
T423,Asia,Block5,,,Unknown
T431,Asia,Block5,9.2,19,Southern Africa
T431,Asia,Block5,7.9,20,Southern Africa
T431,Asia,Block5,7.2,17,Southern Africa
T431,Asia,Block5,8.3,22,Southern Africa
T431,Asia,Block5,7.9,22,Southern Africa
T430,Asia,Block1,,,Southern Africa
T430,Asia,Block1,,,Southern Africa
T430,Asia,Block1,,,Southern Africa
T430,Asia,Block1,,,Southern Africa
T430,Asia,Block1,,,Southern Africa
T429,Asia,Block6,4.4,36,Southern Africa
T429,Asia,Block6,4,31,Southern Africa
T429,Asia,Block6,4.8,34,Southern Africa
T429,Asia,Block6,,,Southern Africa
T429,Asia,Block6,,,Southern Africa
TN06,Asia,Block7,9.9,30,Southern Africa
TN06,Asia,Block7,9.9,31,Southern Africa
TN06,Asia,Block7,9.5,39,Southern Africa
TN06,Asia,Block7,8,40,Southern Africa
TN06,Asia,Block7,9.7,34,Southern Africa
TN07,Asia,Block7,9.8,35,Southern Africa
TN07,Asia,Block7,9.8,35,Southern Africa
TN07,Asia,Block7,8,39,Southern Africa
TN07,Asia,Block7,9.9,31,Southern Africa
TN07,Asia,Block7,9.1,32,Southern Africa
TN08,Asia,Block7,8.5,31,Eastern Asia
TN08,Asia,Block7,8.8,29,Eastern Asia
TN08,Asia,Block7,9.2,29,Eastern Asia
TN08,Asia,Block7,9.9,30,Eastern Asia
TN08,Asia,Block7,9.6,35,Eastern Asia
TN09,Asia,Block7,8.7,30,Eastern Asia
TN09,Asia,Block7,8,31,Eastern Asia
TN09,Asia,Block7,8.3,30,Eastern Asia
TN09,Asia,Block7,8.2,24,Eastern Asia
TN09,Asia,Block7,8.5,30,Eastern Asia
TN10,Asia,Block7,9.3,23,Eastern Asia
TN10,Asia,Block7,8.3,25,Eastern Asia
TN10,Asia,Block7,9.4,29,Eastern Asia
TN10,Asia,Block7,8.3,27,Eastern Asia
TN10,Asia,Block7,8.6,28,Eastern Asia
TN11,Asia,Block7,9.7,29,Eastern Asia
TN11,Asia,Block7,9.6,28,Eastern Asia
TN11,Asia,Block7,8.7,30,Eastern Asia
TN11,Asia,Block7,10.1,31,Eastern Asia
TN11,Asia,Block7,10.6,31,Eastern Asia
TN12,Asia,Block7,9.5,26,Eastern Asia
TN12,Asia,Block7,8.9,27,Eastern Asia
TN12,Asia,Block7,10.1,20,Eastern Asia
TN12,Asia,Block7,7.8,27,Eastern Asia
TN12,Asia,Block7,9.5,22,Eastern Asia
TN13,Asia,Block7,8.3,28,Eastern Asia
TN13,Asia,Block7,10.5,26,Eastern Asia
TN13,Asia,Block7,8.8,28,Eastern Asia
TN13,Asia,Block7,10.3,30,Eastern Asia
TN13,Asia,Block7,8.4,27,Eastern Asia
TN14,Asia,Block7,9.4,27,Eastern Asia
TN14,Asia,Block7,8.6,29,Eastern Asia
TN14,Asia,Block7,8.6,28,Eastern Asia
TN14,Asia,Block7,8.7,27,Eastern Asia
TN14,Asia,Block7,8.1,25,Eastern Asia
TN15,Asia,Block7,8,26,Eastern Asia
TN15,Asia,Block7,8.2,24,Eastern Asia
TN15,Asia,Block7,7.4,27,Eastern Asia
TN15,Asia,Block7,9.7,29,Eastern Asia
TN15,Asia,Block7,8.8,26,Eastern Asia
TN16,Asia,Block8,8.9,24,Eastern Asia
TN16,Asia,Block8,8.7,27,Eastern Asia
TN16,Asia,Block8,9.3,29,Eastern Asia
TN16,Asia,Block8,8.6,25,Eastern Asia
TN16,Asia,Block8,9.9,30,Eastern Asia
T403,Asia,Block1,8.7,27,Eastern Asia
T403,Asia,Block1,8.7,29,Eastern Asia
T403,Asia,Block1,8.8,27,Eastern Asia
T403,Asia,Block1,8.8,26,Eastern Asia
T403,Asia,Block1,8.7,25,Eastern Asia
TN17,Asia,Block8,8.1,26,Eastern Asia
TN17,Asia,Block8,7.8,28,Eastern Asia
TN17,Asia,Block8,7.9,28,Eastern Asia
TN17,Asia,Block8,9.2,28,Eastern Asia
TN17,Asia,Block8,8,29,Eastern Asia
TN18,Asia,Block8,10,32,Eastern Asia
TN18,Asia,Block8,10.4,30,Eastern Asia
TN18,Asia,Block8,9.3,32,Eastern Asia
TN18,Asia,Block8,8.9,30,Eastern Asia
TN19,Asia,Block8,9.8,30,Eastern Asia
TN19,Asia,Block8,10.5,24,Eastern Asia
TN19,Asia,Block8,8.8,22,Eastern Asia
TN19,Asia,Block8,11.1,26,Eastern Asia
TN19,Asia,Block8,10.7,27,Eastern Asia
TN19,Asia,Block8,9.7,27,Eastern Asia
TN20,Asia,Block8,12.5,23,Eastern Asia
TN20,Asia,Block8,9.2,30,Eastern Asia
TN20,Asia,Block8,11.1,27,Eastern Asia
TN20,Asia,Block8,10.6,25,Eastern Asia
TN21,Asia,Block8,10.8,31,Eastern Asia
TN21,Asia,Block8,10.3,29,Eastern Asia
TN21,Asia,Block8,10.1,26,Eastern Asia
TN21,Asia,Block8,9.6,28,Eastern Asia
TN21,Asia,Block8,9.1,29,Eastern Asia
TN21,Asia,Block8,10.1,30,Eastern Asia
TN22,Asia,Block8,10.1,28,Eastern Asia
TN22,Asia,Block8,8.8,28,Eastern Asia
TN22,Asia,Block8,9.2,31,Eastern Asia
TN22,Asia,Block8,9.6,29,Eastern Asia
TN22,Asia,Block8,9.9,27,Eastern Asia
TN23,Asia,Block8,7.7,23,Eastern Asia
TN23,Asia,Block8,10.3,25,Eastern Asia
TN23,Asia,Block8,12.1,26,Eastern Asia
TN23,Asia,Block8,11.1,25,Eastern Asia
TN23,Asia,Block8,12.1,25,Eastern Asia
TN24,Asia,Block8,8.5,23,Eastern Asia
TN24,Asia,Block8,9.4,27,Eastern Asia
TN24,Asia,Block8,8.6,25,Eastern Asia
TN24,Asia,Block8,9.4,28,Eastern Asia
TN24,Asia,Block8,9.2,26,Eastern Asia
TN25,Asia,Block8,9,28,Eastern Asia
TN25,Asia,Block8,9.9,27,Eastern Asia
TN25,Asia,Block8,10.1,31,Eastern Asia
TN25,Asia,Block8,8.6,26,Eastern Asia
TN25,Asia,Block8,9.2,27,Eastern Asia
TN26,Asia,Block8,10.1,30,Eastern Asia
TN26,Asia,Block8,9.2,28,Eastern Asia
TN26,Asia,Block8,10.9,31,Eastern Asia
TN26,Asia,Block8,10.4,29,Eastern Asia
TN26,Asia,Block8,11.4,33,Eastern Asia
TN27,Asia,Block8,8.1,36,Eastern Asia
TN27,Asia,Block8,8.8,35,Eastern Asia
TN27,Asia,Block8,7.2,31,Eastern Asia
TN27,Asia,Block8,7.6,33,Eastern Asia
TN27,Asia,Block8,7.4,34,Eastern Asia
TN28,Asia,Block8,9.8,30,Eastern Asia
TN28,Asia,Block8,9.5,28,Eastern Asia
TN28,Asia,Block8,8.7,26,Eastern Asia
TN28,Asia,Block8,10.2,30,Eastern Asia
TN28,Asia,Block8,10,29,Eastern Asia
TN29,Asia,Block8,8.9,30,Eastern Asia
TN29,Asia,Block8,9.4,26,Eastern Asia
TN29,Asia,Block8,9.4,30,Eastern Asia
TN29,Asia,Block8,10,27,Eastern Asia
TN29,Asia,Block8,10.1,30,Eastern Asia
TN30,Asia,Block8,8.3,26,Eastern Asia
TN30,Asia,Block8,8.4,29,Eastern Asia
TN30,Asia,Block8,9.9,31,Eastern Asia
TN30,Asia,Block8,8.3,27,Eastern Asia
TN30,Asia,Block8,10.6,25,Eastern Asia
TN31,Asia,Block8,10.3,28,Eastern Asia
TN31,Asia,Block8,8.2,27,Eastern Asia
TN31,Asia,Block8,8.4,25,Eastern Asia
TN31,Asia,Block8,8.3,23,Eastern Asia
TN31,Asia,Block8,8.6,25,Eastern Asia
TN32,Asia,Block8,10.1,30,Eastern Asia
TN32,Asia,Block8,10.7,31,Eastern Asia
TN32,Asia,Block8,10.4,31,Eastern Asia
TN32,Asia,Block8,9.1,29,Eastern Asia
TN32,Asia,Block8,10.6,31,Eastern Asia
TN33,Asia,Block8,10,28,Eastern Asia
TN33,Asia,Block8,9.6,34,Eastern Asia
TN33,Asia,Block8,8.9,31,Eastern Asia
TN33,Asia,Block8,9.6,32,Eastern Asia
TN33,Asia,Block8,9,31,Eastern Asia
TN34,Asia,Block8,9,27,Eastern Asia
TN34,Asia,Block8,8.7,27,Eastern Asia
TN34,Asia,Block8,9.2,27,Eastern Asia
TN34,Asia,Block8,0.8,23,Eastern Asia
TN34,Asia,Block8,9.1,27,Eastern Asia
TN35,Asia,Block8,10.2,27,Eastern Asia
TN35,Asia,Block8,10.1,29,Eastern Asia
TN35,Asia,Block8,10.1,28,Eastern Asia
TN35,Asia,Block8,10.6,28,Eastern Asia
TN35,Asia,Block8,9.3,28,Eastern Asia
TN36,Asia,Block8,8.1,27,Eastern Asia
TN36,Asia,Block8,8.1,25,Eastern Asia
TN36,Asia,Block8,8.1,27,Eastern Asia
TN36,Asia,Block8,9.2,27,Eastern Asia
TN36,Asia,Block8,8.2,26,Eastern Asia
T398,Asia,Block1,9.7,28,Eastern Asia
T398,Asia,Block1,11,26,Eastern Asia
T398,Asia,Block1,10.4,29,Eastern Asia
T398,Asia,Block1,10.4,28,Eastern Asia
T398,Asia,Block1,9.4,28,Eastern Asia
TN37,Asia,Block8,8.8,25,Eastern Asia
TN37,Asia,Block8,9.3,31,Eastern Asia
TN37,Asia,Block8,9.8,30,Eastern Asia
TN37,Asia,Block8,9.8,27,Eastern Asia
TN37,Asia,Block8,9.8,28,Eastern Asia
TN38,Asia,Block8,9.5,25,Eastern Asia
TN38,Asia,Block8,8.8,27,Eastern Asia
TN38,Asia,Block8,9.2,27,Eastern Asia
TN38,Asia,Block8,9.3,26,Eastern Asia
TN38,Asia,Block8,8.6,26,Eastern Asia
TN39,Asia,Block8,9.5,26,Eastern Asia
TN39,Asia,Block8,7.8,26,Eastern Asia
TN39,Asia,Block8,9.4,26,Eastern Asia
TN39,Asia,Block8,7.9,24,Eastern Asia
TN39,Asia,Block8,8.7,23,Eastern Asia
TN40,Asia,Block8,9.8,32,Eastern Asia
TN40,Asia,Block8,9.2,27,Eastern Asia
TN40,Asia,Block8,9,26,Eastern Asia
TN40,Asia,Block8,9.3,27,Eastern Asia
TN40,Asia,Block8,10,27,Eastern Asia
TN41,Asia,Block8,9.3,29,Eastern Asia
TN41,Asia,Block8,9.4,28,Eastern Asia
TN41,Asia,Block8,10.3,28,Eastern Asia
TN41,Asia,Block8,10.3,28,Eastern Asia
TN41,Asia,Block8,10.9,25,Eastern Asia
T404,Asia,Block7,9.1,29,Eastern Asia
T404,Asia,Block7,10,30,Eastern Asia
T404,Asia,Block7,10,31,Eastern Asia
T404,Asia,Block7,9.6,27,Eastern Asia
T404,Asia,Block7,8.9,23,Eastern Asia
TN42,Asia,Block8,8.5,27,Eastern Asia
TN42,Asia,Block8,9.4,30,Eastern Asia
TN42,Asia,Block8,9.2,31,Eastern Asia
TN42,Asia,Block8,9.1,34,Eastern Asia
TN42,Asia,Block8,9.1,29,Eastern Asia
TN43,Asia,Block8,8.4,30,Eastern Asia
TN43,Asia,Block8,9.5,30,Eastern Asia
TN43,Asia,Block8,9.7,32,Eastern Asia
TN43,Asia,Block8,8.6,30,Eastern Asia
TN43,Asia,Block8,9.4,31,Eastern Asia
TN44,Asia,Block8,10.2,28,Eastern Asia
TN44,Asia,Block8,10.2,30,Eastern Asia
TN44,Asia,Block8,9.6,29,Eastern Asia
TN44,Asia,Block8,9.5,32,Eastern Asia
TN44,Asia,Block8,11.3,27,Eastern Asia
TN45,Asia,Block8,10,30,Eastern Asia
TN45,Asia,Block8,9.8,33,Eastern Asia
TN45,Asia,Block8,9.6,29,Eastern Asia
TN45,Asia,Block8,9.6,29,Eastern Asia
TN45,Asia,Block8,9.1,28,Eastern Asia
TN46,Asia,Block8,8.8,29,Eastern Asia
TN46,Asia,Block8,8.4,28,Eastern Asia
TN46,Asia,Block8,8.9,30,Eastern Asia
TN46,Asia,Block8,9.6,33,Eastern Asia
TN46,Asia,Block8,9.4,33,Eastern Asia
T394,Asia,Block8,10.9,30,Eastern Asia
T394,Asia,Block8,9.9,33,Eastern Asia
T394,Asia,Block8,9.6,27,Eastern Asia
T394,Asia,Block8,9.7,30,Eastern Asia
T394,Asia,Block8,9.5,30,Eastern Asia
TN47,Asia,Block8,9,34,Eastern Asia
TN47,Asia,Block8,9.1,36,Eastern Asia
TN47,Asia,Block8,9.5,32,Eastern Asia
TN47,Asia,Block8,8.4,30,Eastern Asia
TN47,Asia,Block8,8.5,26,Eastern Asia
T415,Asia,Block2,8.2,25,Eastern Asia
T415,Asia,Block2,10.8,23,Eastern Asia
T415,Asia,Block2,10,26,Eastern Asia
T415,Asia,Block2,10.1,26,Eastern Asia
T415,Asia,Block2,9.3,25,Eastern Asia
TN48,Asia,Block8,9.3,32,Eastern Asia
TN48,Asia,Block8,9.9,29,Eastern Asia
TN48,Asia,Block8,9.8,29,Eastern Asia
TN48,Asia,Block8,9.7,28,Eastern Asia
TN48,Asia,Block8,9.3,29,Eastern Asia
T402,Asia,Block2,10.2,36,Eastern Asia
T402,Asia,Block2,8.2,34,Eastern Asia
T402,Asia,Block2,7.5,29,Eastern Asia
T402,Asia,Block2,9.9,34,Eastern Asia
T402,Asia,Block2,8.8,33,Eastern Asia
TN49,Asia,Block8,9.2,27,Eastern Asia
TN49,Asia,Block8,8.9,26,Eastern Asia
TN49,Asia,Block8,9,29,Eastern Asia
TN49,Asia,Block8,8,26,Eastern Asia
TN49,Asia,Block8,7.9,27,Eastern Asia
TN50,Asia,Block8,8.1,31,Eastern Asia
TN50,Asia,Block8,10.6,21,Eastern Asia
TN50,Asia,Block8,9.4,24,Eastern Asia
TN50,Asia,Block8,8,23,Eastern Asia
TN50,Asia,Block8,9.3,26,Eastern Asia
TN51,Asia,Block8,7.3,29,Eastern Asia
TN51,Asia,Block8,7,32,Eastern Asia
TN51,Asia,Block8,8.1,32,Eastern Asia
TN51,Asia,Block8,7.9,28,Eastern Asia
TN51,Asia,Block8,8.3,34,Eastern Asia
T401,Asia,Block4,9.5,29,Eastern Asia
T401,Asia,Block4,8.1,27,Eastern Asia
T401,Asia,Block4,9,29,Eastern Asia
T401,Asia,Block4,8.4,27,Eastern Asia
T401,Asia,Block4,9,31,Eastern Asia
TN52,Asia,Block8,8.3,25,Eastern Asia
TN52,Asia,Block8,8.6,26,Eastern Asia
TN52,Asia,Block8,9.5,28,Eastern Asia
TN52,Asia,Block8,9.5,31,Eastern Asia
TN52,Asia,Block8,8.3,26,Eastern Asia
T400,Asia,Block2,9.1,31,Eastern Asia
T400,Asia,Block2,8.8,29,Eastern Asia
T400,Asia,Block2,8.1,27,Eastern Asia
T400,Asia,Block2,7.7,29,Eastern Asia
T400,Asia,Block2,9.5,23,Eastern Asia
TN53,Asia,Block8,7.6,29,Eastern Asia
TN53,Asia,Block8,8.1,26,Eastern Asia
TN53,Asia,Block8,7.3,26,Eastern Asia
TN53,Asia,Block8,8.5,26,Eastern Asia
TN53,Asia,Block8,8.8,26,Eastern Asia
TN54,Asia,Block8,10.8,31,Eastern Asia
TN54,Asia,Block8,7.4,33,Eastern Asia
TN54,Asia,Block8,8.4,31,Eastern Asia
TN54,Asia,Block8,8.9,28,Eastern Asia
TN54,Asia,Block8,8,28,Eastern Asia
T413,Asia,Block5,7,29,Eastern Asia
T413,Asia,Block5,8.7,30,Eastern Asia
T413,Asia,Block5,7.6,25,Eastern Asia
T413,Asia,Block5,8.4,29,Eastern Asia
T413,Asia,Block5,8.3,33,Eastern Asia
T414,Asia,Block7,8,29,Eastern Asia
T414,Asia,Block7,8,27,Eastern Asia
T414,Asia,Block7,7.2,21,Eastern Asia
T414,Asia,Block7,7.6,25,Eastern Asia
T414,Asia,Block7,9.6,27,Eastern Asia
T399,Asia,Block2,9.6,32,Eastern Asia
T399,Asia,Block2,7.4,23,Eastern Asia
T399,Asia,Block2,7.5,29,Eastern Asia
T399,Asia,Block2,9.2,29,Eastern Asia
T399,Asia,Block2,9.4,29,Eastern Asia
TN55,Asia,Block8,8.5,32,Eastern Asia
TN55,Asia,Block8,8.5,30,Eastern Asia
TN55,Asia,Block8,7.7,24,Eastern Asia
TN55,Asia,Block8,8.1,29,Eastern Asia
TN55,Asia,Block8,7.6,28,Eastern Asia
T395,Asia,Block3,8.4,31,Eastern Asia
T395,Asia,Block3,8.2,30,Eastern Asia
T395,Asia,Block3,8.8,27,Eastern Asia
T395,Asia,Block3,8.6,33,Eastern Asia
T395,Asia,Block3,7.9,31,Eastern Asia
T397,Asia,Block5,6.7,25,Eastern Asia
T397,Asia,Block5,7.9,21,Eastern Asia
T397,Asia,Block5,7.4,28,Eastern Asia
T397,Asia,Block5,6.7,24,Eastern Asia
T397,Asia,Block5,10.2,28,Eastern Asia
T396,Asia,Block1,6.2,24,Eastern Asia
T396,Asia,Block1,6.4,26,Eastern Asia
T396,Asia,Block1,6.7,28,Eastern Asia
T396,Asia,Block1,7.1,28,Eastern Asia
T396,Asia,Block1,7,26,Eastern Asia
TN56,Asia,Block8,7.9,27,Eastern Asia
TN56,Asia,Block8,6.7,26,Eastern Asia
TN56,Asia,Block8,7.5,25,Eastern Asia
TN56,Asia,Block8,9.1,25,Eastern Asia
TN56,Asia,Block8,7.8,27,Eastern Asia
TN57,Asia,Block8,7.3,27,Eastern Asia
TN57,Asia,Block8,6.5,23,Eastern Asia
TN57,Asia,Block8,6.8,21,Eastern Asia
TN57,Asia,Block8,6.6,25,Eastern Asia
TN57,Asia,Block8,6.8,25,Eastern Asia
TN58,Asia,Block8,7.8,27,Eastern Asia
TN58,Asia,Block8,7.7,29,Eastern Asia
TN58,Asia,Block8,7.4,31,Eastern Asia
TN58,Asia,Block8,7.5,32,Eastern Asia
TN58,Asia,Block8,7.4,25,Eastern Asia
TN59,Asia,Block8,9.5,28,Eastern Asia
TN59,Asia,Block8,10.4,30,Eastern Asia
TN59,Asia,Block8,8.1,25,Eastern Asia
TN59,Asia,Block8,9,29,Eastern Asia
TN59,Asia,Block8,8.2,28,Eastern Asia
T407,Asia,Block2,8.2,28,Eastern Asia
T407,Asia,Block2,7.8,28,Eastern Asia
T407,Asia,Block2,7.8,25,Eastern Asia
T407,Asia,Block2,7.6,29,Eastern Asia
T407,Asia,Block2,7.5,27,Eastern Asia
TN60,Asia,Block8,7.3,31,Eastern Asia
TN60,Asia,Block8,7.3,34,Eastern Asia
TN60,Asia,Block8,6.8,31,Eastern Asia
TN60,Asia,Block8,7.5,31,Eastern Asia
TN60,Asia,Block8,7.4,32,Eastern Asia
TN61,Asia,Block8,13.5,42,Eastern Asia
TN61,Asia,Block8,8.7,41,Eastern Asia
TN61,Asia,Block8,7.8,43,Eastern Asia
TN61,Asia,Block8,7.6,41,Eastern Asia
TN61,Asia,Block8,8.3,40,Eastern Asia
T408,Asia,Block5,7.8,31,Eastern Asia
T408,Asia,Block5,10.1,26,Eastern Asia
T408,Asia,Block5,10.3,27,Eastern Asia
T408,Asia,Block5,10.2,35,Eastern Asia
T408,Asia,Block5,8.9,33,Eastern Asia
T410,Asia,Block7,6.7,31,Eastern Asia
T410,Asia,Block7,6.5,30,Eastern Asia
T410,Asia,Block7,6.7,29,Eastern Asia
T410,Asia,Block7,7.3,30,Eastern Asia
T410,Asia,Block7,7.1,27,Eastern Asia
T411,Asia,Block2,6.7,29,Eastern Asia
T411,Asia,Block2,6.7,28,Eastern Asia
T411,Asia,Block2,7,28,Eastern Asia
T411,Asia,Block2,6.7,28,Eastern Asia
T411,Asia,Block2,6.3,29,Eastern Asia
T409,Asia,Block4,6.1,25,Eastern Asia
T409,Asia,Block4,6.1,29,Eastern Asia
T409,Asia,Block4,5.6,25,Eastern Asia
T409,Asia,Block4,5.2,28,Eastern Asia
T409,Asia,Block4,5.1,26,Eastern Asia
T412,Asia,Block7,7.4,26,Eastern Asia
T412,Asia,Block7,6.5,29,Eastern Asia
T412,Asia,Block7,9.9,26,Eastern Asia
T412,Asia,Block7,7,24,Eastern Asia
T412,Asia,Block7,7.8,24,Eastern Asia
