Accession,Continent,Block,Dried_Biomass,Dried_Seed_Weight,Harvest_Index,Thousand_Seed_Weight,Flowering,Maturity,Flowering_to_Maturity,Site,Region
T001,Africa,Block7,595,,,1.52,47,91,44,Jeonju,Western Africa
T002,Africa,Block2,,,,,61,90,29,Jeonju,Western Africa
T003,Africa,Block1,235,37.56,0.16,1.65,47,91,44,Jeonju,Northern Africa
T004,Africa,Block3,,,,1.82,63,92,29,Jeonju,Northern Africa
T005,Africa,Block2,290,76.46,0.26,1.93,41,87,46,Jeonju,Northern Africa
T006,Africa,Block2,415,105.7,0.25,2.62,63,90,27,Jeonju,Northern Africa
T007,Africa,Block8,,,,2.48,40,87,47,Jeonju,Northern Africa
T008,Africa,Block7,,,,,45,91,46,Jeonju,Eastern Africa
T009,Africa,Block2,,,,2.88,42,86,44,Jeonju,Eastern Africa
T010,Africa,Block6,540,43.37,0.08,2.7,39,79,40,Jeonju,Eastern Africa
T011,Africa,Block4,,,,2.6,86,122,36,Jeonju,Northern Africa
T012,Africa,Block3,175,10.98,0.06,2.12,64,90,26,Jeonju,Northern Africa
T013,Africa,Block6,730,148.36,0.2,3.2,63,90,27,Jeonju,Northern Africa
T014,Africa,Block3,,,,2.16,41,88,47,Jeonju,Northern Africa
T015,Africa,Block5,280,,,3.92,86,124,38,Jeonju,Northern Africa
T016,Africa,Block2,270,,,3.5,84,122,38,Jeonju,Northern Africa
T017,Africa,Block8,485,83.88,0.17,2.99,43,91,48,Jeonju,Northern Africa
T018,Africa,Block5,,10.7,,2.88,86,124,38,Jeonju,Northern Africa
T019,Africa,Block8,,,,2.05,64,90,26,Jeonju,Northern Africa
T020,Africa,Block5,,,,,41,88,47,Jeonju,Northern Africa
T021,Africa,Block2,280,,,2.18,42,88,46,Jeonju,Northern Africa
T022,Africa,Block8,750,126.18,0.17,3.14,42,88,46,Jeonju,Northern Africa
T023,Africa,Block1,290,,,,42,90,48,Jeonju,Northern Africa
T024,Africa,Block2,650,40.09,0.06,2.46,41,88,47,Jeonju,Northern Africa
T025,Africa,Block2,600,,,,41,89,48,Jeonju,Northern Africa
T026,Africa,Block8,485,67.41,0.14,2.58,63,89,26,Jeonju,Northern Africa
T027,Africa,Block6,,28.03,,2.96,40,84,44,Jeonju,Northern Africa
T028,Africa,Block3,,,,,43,90,47,Jeonju,Northern Africa
T029,Africa,Block5,,,,2.26,54,89,35,Jeonju,Northern Africa
T030,Africa,Block5,,,,2.88,84,124,40,Jeonju,Northern Africa
T031,Africa,Block4,175,,,2.74,50,90,40,Jeonju,Northern Africa
T032,Africa,Block7,,37.66,,2.96,42,89,47,Jeonju,Northern Africa
T033,Africa,Block7,460,,,2.88,47,92,45,Jeonju,Northern Africa
T034,Africa,Block5,365,52.36,0.14,2.28,86,122,36,Jeonju,Northern Africa
T035,Africa,Block5,605,,,2.92,56,89,33,Jeonju,Northern Africa
T036,Africa,Block1,,17.8,,2.88,62,94,32,Jeonju,Northern Africa
T037,Africa,Block6,195,22.34,0.11,2.97,42,79,37,Jeonju,Northern Africa
T038,Africa,Block1,,23.38,,2.86,38,76,38,Jeonju,Northern Africa
T039,Africa,Block5,,,,3.22,63,90,27,Jeonju,Northern Africa
T040,Africa,Block3,535,,,2.3,86,124,38,Jeonju,Northern Africa
T041,Africa,Block5,590,85.01,0.14,2.24,44,89,45,Jeonju,Northern Africa
T042,Africa,Block1,355,17.8,0.05,2.36,44,89,45,Jeonju,Northern Africa
T043,Africa,Block4,250,9.2,0.04,2.9,38,76,38,Jeonju,Northern Africa
T044,Africa,Block3,,,,2.7,40,81,41,Jeonju,Northern Africa
T045,Africa,Block8,590,,,3.24,39,78,39,Jeonju,Northern Africa
T046,Africa,Block1,,,,2.46,97,131,34,Jeonju,Northern Africa
T047,Africa,Block5,,30.14,,2.82,42,79,37,Jeonju,Northern Africa
T048,Africa,Block6,440,,,2.88,47,88,41,Jeonju,Northern Africa
T049,Africa,Block1,,,,2.8,42,89,47,Jeonju,Northern Africa
T050,Africa,Block5,365,,,3.16,82,125,43,Jeonju,Northern Africa
T051,Africa,Block3,,,,2.12,47,89,42,Jeonju,Northern Africa
T052,Africa,Block3,270,52.09,0.19,1.81,84,125,41,Jeonju,Northern Africa
T053,Africa,Block3,235,19.25,0.08,2.76,41,82,41,Jeonju,Northern Africa
T054,Africa,Block4,,,,2.88,42,89,47,Jeonju,Northern Africa
T055,Africa,Block1,,,,2.6,42,85,43,Jeonju,Northern Africa
T056,Africa,Block7,,,,2.96,53,89,36,Jeonju,Northern Africa
T057,Africa,Block4,330,,,2.82,42,87,45,Jeonju,Northern Africa
T058,Africa,Block2,570,,,2.68,44,88,44,Jeonju,Northern Africa
T059,Africa,Block5,,,,3.68,42,92,50,Jeonju,Northern Africa
T060,Africa,Block4,235,41.59,0.18,3.68,93,128,35,Jeonju,Northern Africa
T061,Africa,Block4,690,43.57,0.06,2.82,68,92,24,Jeonju,Northern Africa
T062,Africa,Block8,,28.1,,3.26,42,93,51,Jeonju,Northern Africa
T063,Africa,Block3,410,,,1.74,44.5,89.5,45,Jeonju,Northern Africa
T064,Africa,Block2,370,,,2.28,88,124,36,Jeonju,Northern Africa
T065,Africa,Block8,290,,,,41,81,40,Jeonju,Northern Africa
T066,Africa,Block6,,,,1.72,47,90,43,Jeonju,Northern Africa
T067,Africa,Block8,,8.2,,2.46,41,89,48,Jeonju,Western Africa
T068,Africa,Block8,,,,2.5,86,122,36,Jeonju,Western Africa
T069,Africa,Block1,125,0.01,,,47,89,42,Jeonju,Western Africa
T070,Africa,Block7,515,86.24,0.17,1.88,39,80,41,Jeonju,Central Africa
T071,Africa,Block7,,14.74,,2.12,42,90,48,Jeonju,Central Africa
T072,Africa,Block7,590,2.67,,1.7,82,122,40,Jeonju,Central Africa
T073,Africa,Block3,,,,,84,124,40,Jeonju,Eastern Africa
T074,Africa,Block4,,51.35,,2.5,40,90,50,Jeonju,Northern Africa
T075,Africa,Block2,335,,,3.2,42,90,48,Jeonju,Northern Africa
T076,Africa,Block8,460,54.56,0.12,2.66,40,114,74,Jeonju,Northern Africa
T077,Africa,Block7,290,,,,67,89,22,Jeonju,Eastern Africa
T078,Africa,Block1,665,32.51,0.05,2.54,42,92,50,Jeonju,Eastern Africa
T079,Africa,Block5,550,23.28,0.04,1.7,50,90,40,Jeonju,Eastern Africa
T080,Africa,Block3,,8.29,,2.32,86,128,42,Jeonju,Eastern Africa
T081,Africa,Block6,,,,2.26,40,88,48,Jeonju,Eastern Africa
T082,Africa,Block1,,,,,56,90,34,Jeonju,Central Africa
T083,Africa,Block1,770,30.1,0.04,2.24,85,126,41,Jeonju,Eastern Africa
T084,Africa,Block3,165,,,2.34,49,90,41,Jeonju,Eastern Africa
T085,Africa,Block3,145,21.4,0.15,1.96,84,124,40,Jeonju,Eastern Africa
T086,Africa,Block8,490,,,2.5,53,90,37,Jeonju,Northern Africa
T087,Africa,Block4,,,,2.62,84,125,41,Jeonju,Northern Africa
T088,Africa,Block7,,,,3.36,40,90,50,Jeonju,Northern Africa
T089,Africa,Block6,,,,3.52,41,120,79,Jeonju,Northern Africa
T090,Africa,Block3,,36.34,,3.02,41,79,38,Jeonju,Northern Africa
T091,Africa,Block4,320,,,,42,122,80,Jeonju,Northern Africa
T092,Africa,Block2,475,5.85,0.01,2.18,40,92,52,Jeonju,Northern Africa
T093,Africa,Block6,,,,,44,90,46,Jeonju,Northern Africa
T094,Africa,Block7,,56.06,,2.72,94,122,28,Jeonju,Northern Africa
T095,Africa,Block7,245,,,2.7,64,90,26,Jeonju,Northern Africa
T096,Africa,Block7,350,47.5,0.14,2.45,42,90,48,Jeonju,Northern Africa
T097,Africa,Block7,,,,,113,144,31,Jeonju,Eastern Africa
T098,Africa,Block4,325,24.84,0.08,2,48,90,42,Jeonju,Western Africa
T099,Africa,Block7,315,3.77,0.01,1.32,42,89,47,Jeonju,Western Africa
T100,Africa,Block3,690,,,1.9,50,89,39,Jeonju,Western Africa
T101,Africa,Block6,,,,1.1,48,89,41,Jeonju,Western Africa
T102,Africa,Block2,755,,,2.14,46,90,44,Jeonju,Western Africa
T103,Africa,Block2,255,36.92,0.14,2.86,39,76,37,Jeonju,Western Africa
T104,Africa,Block5,185,42.57,0.23,2.72,40,92,52,Jeonju,Western Africa
T105,Africa,Block7,290,28.75,0.1,2.16,42,89,47,Jeonju,Western Africa
T106,Africa,Block2,415,,,1.83,46,94,48,Jeonju,Western Africa
T107,Africa,Block2,,,,,42,90,48,Jeonju,Western Africa
T108,Africa,Block5,410,,,2.04,49,91,42,Jeonju,Western Africa
T109,Africa,Block6,,,,1.68,47,89,42,Jeonju,Western Africa
T110,Africa,Block7,320,39.65,0.12,2.12,46,90,44,Jeonju,Western Africa
T111,Africa,Block6,760,,,2.2,46,89,43,Jeonju,Western Africa
T112,Africa,Block5,400,,,2.84,42,89,47,Jeonju,Western Africa
T113,Africa,Block8,545,,,,40,84,44,Jeonju,Western Africa
T114,Africa,Block7,,,,2.44,96,122,26,Jeonju,Western Africa
T115,Africa,Block3,245,,,2.5,45,89,44,Jeonju,Western Africa
T116,Africa,Block3,,18.98,,2.12,46,89,43,Jeonju,Western Africa
T117,Africa,Block1,665,,,2.28,88,125,37,Jeonju,Northern Africa
T118,Africa,Block1,185,,,,48,89,41,Jeonju,Northern Africa
T119,Africa,Block2,235,,,2.14,40,83,43,Jeonju,Northern Africa
T120,Africa,Block5,,,,2.72,36,84,48,Jeonju,Northern Africa
T121,Africa,Block7,,40.18,,1.58,42,89,47,Jeonju,Northern Africa
T122,Africa,Block3,,0.06,,,45,90,45,Jeonju,Northern Africa
T123,Africa,Block4,,,,1.76,44,90,46,Jeonju,Northern Africa
T124,Africa,Block8,160,21.19,0.13,2.46,74,103,29,Jeonju,Northern Africa
T125,Africa,Block4,,,,1.23,41,84,43,Jeonju,Northern Africa
T126,Africa,Block6,,,,,41,,,Jeonju,Northern Africa
T127,Africa,Block6,425,,,1.96,43,92,49,Jeonju,Northern Africa
T128,Africa,Block3,640,33.53,0.05,2.66,48,104,56,Jeonju,Northern Africa
T129,Africa,Block4,,20.22,,1.8,44,92,48,Jeonju,Northern Africa
T130,Africa,Block8,290,,,2.46,92,120,28,Jeonju,Northern Africa
T131,Africa,Block6,,,,1.76,92,124,32,Jeonju,Northern Africa
T132,Africa,Block7,,,,1.74,94,127,33,Jeonju,Northern Africa
T133,Africa,Block6,,8.37,,1.68,92,123,31,Jeonju,Northern Africa
T134,Africa,Block4,360,,,1.96,84,128,44,Jeonju,Northern Africa
T135,Africa,Block3,320,,,1.92,90,124,34,Jeonju,Northern Africa
T136,Africa,Block1,,1.29,,1.44,93,127,34,Jeonju,Northern Africa
T137,Africa,Block8,335,38.37,0.11,2.44,88,124,36,Jeonju,Northern Africa
T138,Africa,Block4,245,,,2.2,40,83,43,Jeonju,Northern Africa
T139,Africa,Block2,,4.65,,2.5,89,122,33,Jeonju,Northern Africa
T140,Africa,Block8,,,,2.48,85,122,37,Jeonju,Northern Africa
T141,Africa,Block7,310,,,1.72,88,124,36,Jeonju,Northern Africa
T142,Africa,Block5,400,,,,87,127,40,Jeonju,Northern Africa
T143,Africa,Block4,535,,,1.7,84,123,39,Jeonju,Northern Africa
T144,Africa,Block3,,,,,88,125,37,Jeonju,Northern Africa
T145,Africa,Block4,,,,2.26,98,124,26,Jeonju,Northern Africa
T146,Africa,Block3,545,,,2.18,91,128,37,Jeonju,Northern Africa
T147,Africa,Block1,280,,,3.04,67,113,46,Jeonju,Northern Africa
T148,Africa,Block1,,4.77,,1.3,44,90,46,Jeonju,Northern Africa
T149,Africa,Block1,,,,2.04,89,130,41,Jeonju,Northern Africa
T150,Africa,Block6,,,,1.3,90,126,36,Jeonju,Northern Africa
T151,Africa,Block5,,,,1.72,92,131,39,Jeonju,Northern Africa
T152,Africa,Block3,,6.21,,1.46,89,124,35,Jeonju,Northern Africa
T153,Africa,Block4,285,,,2.72,84,128,44,Jeonju,Northern Africa
T154,Africa,Block4,,,,1.68,80,125,45,Jeonju,Northern Africa
T155,Africa,Block3,,,,,83,128,45,Jeonju,Northern Africa
T156,Africa,Block7,,,,,40,81,41,Jeonju,Northern Africa
T157,Africa,Block1,365,,,1.02,87,125,38,Jeonju,Northern Africa
T158,Africa,Block5,280,,,2.05,80,120,40,Jeonju,Northern Africa
T159,Africa,Block8,,,,,83,123,40,Jeonju,Northern Africa
T160,Africa,Block4,,,,1.28,85,125,40,Jeonju,Northern Africa
T161,Africa,Block4,295,5.64,0.02,1.45,78,128,50,Jeonju,Northern Africa
T162,Africa,Block8,,,,,40,82,42,Jeonju,Northern Africa
T163,Africa,Block8,840,,,2.06,,,,Jeonju,Northern Africa
T164,Africa,Block5,360,,,1.46,47,98,51,Jeonju,Northern Africa
T165,Africa,Block1,,,,1.34,86,127,41,Jeonju,Northern Africa
T166,Africa,Block1,,,,2.34,64,121,57,Jeonju,Northern Africa
T167,Africa,Block8,,,,1.7,54,94,40,Jeonju,Central Africa
T168,Africa,Block2,325,,,2.48,,,,Jeonju,Northern Africa
T169,Africa,Block1,,,,2.04,54,89,35,Jeonju,Eastern Africa
T170,Africa,Block4,,,,2.22,86,129,43,Jeonju,Eastern Africa
T171,Africa,Block3,,,,,,,,Jeonju,Eastern Africa
T172,Africa,Block1,,,,,78,124,46,Jeonju,Eastern Africa
T173,Africa,Block1,590,,,2.24,74.5,119.5,45,Jeonju,Eastern Africa
T174,Africa,Block1,,,,,88,124,36,Jeonju,Eastern Africa
T175,Africa,Block6,,,,,70,123,53,Jeonju,Eastern Africa
T176,Africa,Block1,345,80.69,0.23,1.83,39,84,45,Jeonju,Northern Africa
T177,Africa,Block2,,,,2.42,74,120,46,Jeonju,Northern Africa
T178,Africa,Block2,280,55.11,0.2,2.43,72,118,46,Jeonju,Northern Africa
T179,Africa,Block8,525,1.2,,1.49,82,126,44,Jeonju,Northern Africa
T180,Africa,Block8,440,63.35,0.14,2.54,63,103,40,Jeonju,Northern Africa
T181,Africa,Block4,275,49.65,0.18,2.86,74,128,54,Jeonju,Northern Africa
T182,Africa,Block6,390,,,2.64,74,130,56,Jeonju,Northern Africa
T183,Africa,Block4,,60.36,,2.86,77,124,47,Jeonju,Northern Africa
T184,Africa,Block3,,,,,44,90,46,Jeonju,Eastern Africa
T185,Africa,Block4,,,,,47,92,45,Jeonju,Eastern Africa
T186,Africa,Block8,,3.4,,2.44,50,89,39,Jeonju,Eastern Africa
T187,Africa,Block4,,,,,48,90,42,Jeonju,Eastern Africa
T188,Africa,Block6,,,,,38,76,38,Jeonju,Eastern Africa
T189,Africa,Block6,,,,,50,84,34,Jeonju,Eastern Africa
T190,Africa,Block8,,,,,48,89,41,Jeonju,Eastern Africa
T191,Africa,Block7,320,,,,44,92,48,Jeonju,Eastern Africa
T192,Africa,Block8,,,,2,47,92,45,Jeonju,Eastern Africa
T193,Africa,Block7,,,,2.26,43,91,48,Jeonju,Eastern Africa
T194,Africa,Block7,400,,,,40,79,39,Jeonju,Eastern Africa
T195,Africa,Block4,,12.98,,2.06,44,88,44,Jeonju,Eastern Africa
T196,Africa,Block6,,,,,81,121,40,Jeonju,Eastern Africa
T197,Africa,Block1,,,,,58,92,34,Jeonju,Eastern Africa
T198,Africa,Block5,,,,,83,127,44,Jeonju,Eastern Africa
T199,Africa,Block3,695,9.85,0.01,2.16,81,114,33,Jeonju,Eastern Africa
T200,Africa,Block7,300,,,2,80,128,48,Jeonju,Central Africa
T201,Africa,Block7,,,,2.2,81,128,47,Jeonju,Central Africa
T202,Africa,Block4,205,,,2.98,77,123,46,Jeonju,Central Africa
T203,Africa,Block3,,,,,74,122,48,Jeonju,Central Africa
T204,Africa,Block1,,,,,71,116,45,Jeonju,Central Africa
T205,Africa,Block2,985,,,2.3,58,94,36,Jeonju,Eastern Africa
T206,Africa,Block2,,,,2.22,44,110,66,Jeonju,Central Africa
T207,Africa,Block4,310,0.25,,2.08,40,90,50,Jeonju,Central Africa
T208,Africa,Block2,,47.92,,2.4,62,114,52,Jeonju,Northern Africa
T209,Africa,Block3,,,,2.82,38,76,38,Jeonju,Northern Africa
T210,Africa,Block6,,29.48,,2.24,76,126,50,Jeonju,Northern Africa
T211,Africa,Block8,,,,1.92,78,128,50,Jeonju,Eastern Africa
T212,Africa,Block3,160,8.71,0.05,2,71,125,54,Jeonju,Eastern Africa
T213,Africa,Block1,,,,2.28,86,122,36,Jeonju,Eastern Africa
T214,Africa,Block6,315,,,2.76,79,114,35,Jeonju,Western Africa
T215,Africa,Block8,,,,,91,128,37,Jeonju,Eastern Africa
T216,Africa,Block2,465,,,2.34,93,124,31,Jeonju,Northern Africa
T217,Africa,Block4,,3.05,,1.42,54,89,35,Jeonju,Western Africa
T218,Africa,Block8,,12.48,,1.64,90,129,39,Jeonju,Eastern Africa
T219,Africa,Block7,,,,2.72,88,123,35,Jeonju,Northern Africa
T220,Africa,Block8,140,,,1.56,92,131,39,Jeonju,Northern Africa
T221,Africa,Block5,475,16.82,0.04,3.14,47,92,45,Jeonju,Western Africa
T222,Africa,Block6,415,1.53,,1.34,64,117,53,Jeonju,Western Africa
T223,Africa,Block2,,,,,40,79,39,Jeonju,Western Africa
T224,Africa,Block5,,,,,75,119,44,Jeonju,Western Africa
T225,Africa,Block2,640,,,,50,119,69,Jeonju,Western Africa
T226,Africa,Block5,,,,1.82,48,122,74,Jeonju,Western Africa
T227,Africa,Block8,780,109.8,0.14,3.08,50,119,69,Jeonju,Northern Africa
T228,Africa,Block6,175,14.74,0.08,2.18,94,131,37,Jeonju,Northern Africa
T229,Africa,Block2,,,,2.16,71,114,43,Jeonju,Northern Africa
T230,Africa,Block6,390,13.76,0.04,2.04,94,130,36,Jeonju,Northern Africa
T231,Africa,Block7,,,,1.88,38,90,52,Jeonju,Northern Africa
T232,Africa,Block2,,,,2.2,42,107,65,Jeonju,Northern Africa
T233,Africa,Block7,,6.63,,1.78,54,109,55,Jeonju,Northern Africa
T234,Africa,Block1,,,,2.2,,,,Jeonju,Northern Africa
T235,Africa,Block6,,,,,55,107,52,Jeonju,Eastern Africa
T236,Africa,Block8,,,,,40,81,41,Jeonju,Eastern Africa
T237,Africa,Block6,,33.79,,2.36,58,110,52,Jeonju,Central Africa
T238,Africa,Block1,,,,2.76,40,87,47,Jeonju,Northern Africa
T239,Africa,Block6,150,17.92,0.12,2.56,50,107,57,Jeonju,Eastern Africa
T240,Africa,Block6,,,,2.94,49,110,61,Jeonju,Eastern Africa
T241,Africa,Block1,190,93.27,0.49,2.19,64,111,47,Jeonju,Eastern Africa
T242,Africa,Block2,175,34.09,0.19,1.96,92,123,31,Jeonju,Eastern Africa
T243,Africa,Block3,390,58.37,0.15,2.18,42,85,43,Jeonju,Eastern Africa
T244,Africa,Block6,100,36.01,0.36,2.71,93,125,32,Jeonju,Eastern Africa
T245,Africa,Block4,315,,,2.76,44,103,59,Jeonju,Eastern Africa
T246,Africa,Block6,415,,,,57,110,53,Jeonju,Northern Africa
T247,Africa,Block6,,,,2.46,82,119,37,Jeonju,Northern Africa
T248,Africa,Block3,,,,2.78,54,90,36,Jeonju,Eastern Africa
T249,Africa,Block7,,,,2.78,50,91,41,Jeonju,Eastern Africa
T250,Africa,Block4,,73.49,,2.44,47,91,44,Jeonju,Eastern Africa
T251,Africa,Block2,,,,2.46,57,91,34,Jeonju,Eastern Africa
T252,Africa,Block1,,,,2.24,92,124,32,Jeonju,Eastern Africa
T253,Africa,Block2,,57.82,,2.34,93,128,35,Jeonju,Eastern Africa
T254,Africa,Block6,325,53.28,0.16,2.4,48,90,42,Jeonju,Eastern Africa
T255,Africa,Block4,,,,3.12,47,91,44,Jeonju,Eastern Africa
T256,Africa,Block5,235,,,2.26,48,92,44,Jeonju,Northern Africa
T257,Africa,Block5,,50.37,,2.64,91,122,31,Jeonju,Eastern Africa
T258,Africa,Block5,,,,2.42,57,92,35,Jeonju,Eastern Africa
T259,Africa,Block8,315,,,2.56,40,81,41,Jeonju,Eastern Africa
T260,Africa,Block7,,,,,75,108,33,Jeonju,Eastern Africa
T261,Africa,Block7,155,49.43,0.32,2.63,77,111,34,Jeonju,Northern Africa
T262,Africa,Block5,205,,,2.9,91,127,36,Jeonju,Northern Africa
T263,Africa,Block3,270,46.8,0.17,1.72,90,122,32,Jeonju,Northern Africa
T264,Africa,Block5,320,57.11,0.18,2.52,54,110,56,Jeonju,Northern Africa
T265,Africa,Block6,110,,,2.54,57,93,36,Jeonju,Northern Africa
T266,Africa,Block7,,59.64,,2.44,90,123,33,Jeonju,Northern Africa
T267,Africa,Block5,,,,,92,125,33,Jeonju,Northern Africa
T268,Africa,Block5,,,,,91,127,36,Jeonju,Eastern Africa
T269,Africa,Block8,205,69.32,0.34,2.27,37,74,37,Jeonju,Northern Africa
T270,Africa,Block1,270,71.12,0.26,2.67,39,79,40,Jeonju,Northern Africa
T271,Africa,Block6,,,,2.68,51,118,67,Jeonju,Northern Africa
T272,Africa,Block2,,,,2.6,90,123,33,Jeonju,Northern Africa
T273,Africa,Block4,,,,2.88,59,111,52,Jeonju,Southern Africa
T274,Africa,Block3,,,,,93,124,31,Jeonju,Eastern Africa
T275,Africa,Block8,345,46.19,0.13,2.55,92,128,36,Jeonju,Northern Africa
T276,Africa,Block2,,,,2.5,78,122,44,Jeonju,Northern Africa
T277,Africa,Block6,,,,2.7,59,83,24,Jeonju,Northern Africa
T278,Africa,Block1,130,35.15,0.27,2.68,40,82,42,Jeonju,Northern Africa
T279,Africa,Block8,90,11.61,0.13,2.13,64,120,56,Jeonju,Northern Africa
T280,Africa,Block7,,,,2.56,54,124,70,Jeonju,Western Africa
T281,Africa,Block1,285,39.8,0.14,2.11,38,74,36,Jeonju,Western Africa
T282,Africa,Block7,,83.49,,2.98,54,126,72,Jeonju,Northern Africa
T283,Africa,Block7,250,43.6,0.17,2.38,56,111,55,Jeonju,Northern Africa
T284,Africa,Block8,285,63.21,0.22,2.48,82,122,40,Jeonju,Western Africa
T285,Africa,Block1,145,34.05,0.23,2.87,40,92,52,Jeonju,Northern Africa
T286,Africa,Block7,290,,,3.12,41,80,39,Jeonju,Northern Africa
T287,Africa,Block6,,,,,80,124,44,Jeonju,Northern Africa
T288,Africa,Block4,,,,3.16,82,125,43,Jeonju,Northern Africa
T289,Africa,Block5,400,,,2.76,86,130,44,Jeonju,Northern Africa
T290,Africa,Block1,200,43.64,0.22,2.6,40,81,41,Jeonju,Eastern Africa
T291,Africa,Block3,,,,1.72,59,122,63,Jeonju,Northern Africa
T292,Africa,Block1,595,,,3.18,41,92,51,Jeonju,Eastern Africa
T293,Africa,Block3,,,,,57,84,27,Jeonju,Northern Africa
T294,Asia,Block6,290,38.49,0.13,2.76,86,121,35,Jeonju,Middle East
T295,Asia,Block1,245,63.94,0.26,3.3,40,77,37,Jeonju,Middle East
T296,Asia,Block7,,3.42,,2.16,61,122,61,Jeonju,Middle East
T297,Asia,Block4,350,,,2.92,67,118,51,Jeonju,Middle East
T298,Asia,Block7,223,56.8,0.25,3.37,77,119,42,Jeonju,Middle East
T299,Asia,Block3,215,48.32,0.22,2.31,57,118,61,Jeonju,Middle East
T300,Asia,Block4,250,1.71,0.01,1.44,56,111,55,Jeonju,Middle East
T301,Asia,Block4,,,,,42,83,41,Jeonju,Middle East
T302,Asia,Block8,265,42.23,0.16,2.94,77,122,45,Jeonju,Middle East
T303,Asia,Block6,245,43.11,0.18,2.16,48,113,65,Jeonju,Middle East
T304,Africa,Block5,300,,,2.6,86,124,38,Jeonju,Northern Africa
T305,Africa,Block4,,34.56,,2.26,46,83,37,Jeonju,Northern Africa
T306,Asia,Block3,,,,,93,128,35,Jeonju,Southern Asia
T307,Asia,Block8,,,,,94,131,37,Jeonju,Southern Asia
T308,Asia,Block8,720,63.38,0.09,2.6,82,122,40,Jeonju,Southern Asia
T309,Asia,Block1,910,100.97,0.11,2.88,42,91,49,Jeonju,Southern Asia
T310,Asia,Block1,,,,2.04,44,80,36,Jeonju,Southern Asia
T311,Asia,Block6,300,19.32,0.06,2.74,59,103,44,Jeonju,Southern Asia
T312,Asia,Block5,,,,2.24,48,105,57,Jeonju,Southern Asia
T313,Asia,Block3,350,,,2.34,58,102,44,Jeonju,Southern Asia
T314,Asia,Block7,140,58.63,0.42,2.4,43,91,48,Jeonju,Eastern Asia
T315,Asia,Block4,300,53.06,0.18,2.26,88,124,36,Jeonju,Eastern Asia
T316,Asia,Block4,,84.41,,2.24,62,91,29,Jeonju,Eastern Asia
T317,Asia,Block6,555,128.11,0.23,2.7,60,94,34,Jeonju,Eastern Asia
T318,Asia,Block3,155,28.9,0.19,2.02,93,125,32,Jeonju,Eastern Asia
T319,Others,Block6,,22.83,,2.02,44,91,47,Jeonju,Northern America
T320,Others,Block4,255,7.41,0.03,2.15,45,89,44,Jeonju,Northern America
T321,Others,Block3,525,4.73,0.01,2.74,83,125,42,Jeonju,Northern America
T322,Others,Block2,,,,2,64,90,26,Jeonju,Northern America
T323,Others,Block3,260,,,1.92,62,90,28,Jeonju,Northern America
T324,Asia,Block2,345,72.35,0.21,2.11,86,126,40,Jeonju,Eastern Asia
T325,Asia,Block1,335,83.82,0.25,2.32,84,123,39,Jeonju,Eastern Asia
T326,Asia,Block6,,26.88,,2.34,43,89,46,Jeonju,Eastern Asia
T327,Asia,Block5,215,,,1.96,62,92,30,Jeonju,Eastern Asia
T328,Asia,Block6,,,,2.24,84,124,40,Jeonju,Eastern Asia
T329,Africa,Block7,160,62.38,0.39,2.48,64,112,48,Jeonju,Northern Africa
T330,Africa,Block3,220,31.6,0.14,2.08,86,125,39,Jeonju,Northern Africa
T331,Africa,Block8,395,70.83,0.18,4.06,64,98,34,Jeonju,Northern Africa
T332,Asia,Block6,,46.94,,2.44,44,92,48,Jeonju,Southern Asia
T333,Asia,Block5,380,,,1.9,40,80,40,Jeonju,Southern Asia
T334,Asia,Block8,255,59.24,0.23,1.97,90,125,35,Jeonju,Southern Asia
T335,Asia,Block2,300,36.49,0.12,3.5,92,124,32,Jeonju,Southern Asia
T336,Others,Block2,280,67.08,0.24,2.65,38,75,37,Jeonju,Eurasia
T337,Others,Block3,410,93.08,0.23,2.06,60,108,48,Jeonju,Eurasia
T338,Others,Block1,,,,2.16,62,94,32,Jeonju,Eurasia
T339,Others,Block8,,42.15,,3.08,42,92,50,Jeonju,Eurasia
T340,Others,Block1,,97.52,,2.5,72,115,43,Jeonju,Eurasia
T341,Others,Block7,415,,,2.56,84,124,40,Jeonju,Eurasia
T342,Asia,Block4,475,100.4,0.21,2.73,38,83,45,Jeonju,Eastern Asia
T343,Asia,Block4,,32.65,,2.8,40,88,48,Jeonju,Eastern Asia
T344,Asia,Block6,190,70.49,0.37,2.2,41,90,49,Jeonju,Eastern Asia
T345,Asia,Block7,,53.04,,2.58,42,85,43,Jeonju,Eastern Asia
T346,Asia,Block1,240,66.7,0.28,2.5,83,123.6,40.6,Jeonju,Eastern Asia
T347,Asia,Block7,425,37.77,0.09,2.62,81,120,39,Jeonju,Southern Asia
T348,Asia,Block4,290,60.92,0.21,2.34,84,119,35,Jeonju,Southern Asia
T349,Asia,Block5,470,68.64,0.15,2.64,39,89,50,Jeonju,Southern Asia
T350,Asia,Block2,475,,,2,41,89,48,Jeonju,Southern Asia
T351,Others,Block3,,,,,80,118,38,Jeonju,Middle East
T352,Others,Block5,290,25.73,0.09,2.04,38,83,45,Jeonju,Middle East
T353,Others,Block5,,,,,40,85,45,Jeonju,Middle East
T354,Others,Block8,,,,,83,125,42,Jeonju,Middle East
T355,Others,Block4,,40.23,,2.2,81,127,46,Jeonju,Middle East
T356,Others,Block2,,,,,67,104,37,Jeonju,Middle East
T357,Asia,Block5,,,,2.24,85,119,34,Jeonju,Southern Asia
T358,Asia,Block7,270,78.75,0.29,3.82,38,77,39,Jeonju,Southern Asia
T359,Asia,Block3,525,48.93,0.09,1.84,42,89,47,Jeonju,Southern Asia
T360,Asia,Block8,400,78.89,0.2,2.74,40,80,40,Jeonju,Southern Asia
T361,Asia,Block3,270,42.96,0.16,2.42,39,82,43,Jeonju,Southern Asia
T362,Asia,Block8,365,,,3.34,47,92,45,Jeonju,Southern Asia
T363,Asia,Block4,590,113.97,0.19,2.56,59,94,35,Jeonju,Southern Asia
T364,Asia,Block3,,20.39,,2.06,81,122,41,Jeonju,Southern Asia
T365,Asia,Block8,290,66.5,0.23,2.62,118,173,55,Jeonju,Southern Asia
T366,Asia,Block2,315,47.94,0.15,2.84,40,79,39,Jeonju,Southern Asia
T367,Asia,Block3,450,,,,39,85,46,Jeonju,Middle East
T368,Asia,Block3,560,,,1.92,62,94,32,Jeonju,Eastern Asia
T369,Asia,Block5,490,102.15,0.21,2.32,40,89,49,Jeonju,Eastern Asia
T370,Asia,Block2,,40.47,,1.56,41,87,46,Jeonju,Eastern Asia
T371,Asia,Block1,150,25.51,0.17,2.06,79,120,41,Jeonju,Eastern Asia
T372,Asia,Block3,260,39.57,0.15,2.41,44,89,45,Jeonju,Eastern Asia
T373,Asia,Block2,955,,,2.72,81,124,43,Jeonju,Southern Asia
T374,Asia,Block2,,,,,39,89,50,Jeonju,Southern Asia
T375,Asia,Block5,,,,2.2,74,118,44,Jeonju,Southern Asia
T376,Asia,Block5,,11.14,,2.3,56,90,34,Jeonju,Southern Asia
T377,Asia,Block5,270,7.26,0.03,2.38,82,125,43,Jeonju,Southern Asia
T378,Asia,Block5,540,,,2.4,41,89,48,Jeonju,Southern Asia
T379,Asia,Block7,290,55.87,0.19,2.72,76,117,41,Jeonju,Southern Asia
T380,Asia,Block1,,,,1.35,48,89,41,Jeonju,Southern Asia
T381,Asia,Block2,,3.82,,1.94,39,78,39,Jeonju,Southern Asia
T382,Asia,Block4,260,49.12,0.19,2.66,40,80,40,Jeonju,Middle East
T383,Asia,Block4,,71.14,,2.36,39,89,50,Jeonju,Middle East
T384,Asia,Block5,170,28.28,0.17,2.71,59,92,33,Jeonju,Middle East
T385,Asia,Block8,,69.48,,2.6,42,85,43,Jeonju,Middle East
T386,Others,Block3,745,154.08,0.21,2.2,82,119,37,Jeonju,Northern America
T387,Others,Block5,395,47.75,0.12,2.39,86,125,39,Jeonju,Northern America
T388,Others,Block8,455,64.33,0.14,2.58,59,84,25,Jeonju,Northern America
T389,Others,Block7,435,74.09,0.17,2.32,41,89,48,Jeonju,Northern America
T390,Others,Block3,195,66.07,0.34,2.54,73,118,45,Jeonju,Northern America
T391,Others,Block8,,22.84,,2.02,78,129,51,Jeonju,Southern America
T392,Others,Block6,,53.97,,2.68,42,91,49,Jeonju,Southern America
T393,Others,Block6,135,,,2.7,39,94,55,Jeonju,Southern America
T394,Asia,Block8,180,49.8,0.28,2.74,80,127,47,Jeonju,Eastern Asia
T395,Asia,Block3,445,107.41,0.24,2.41,59,116,57,Jeonju,Eastern Asia
T396,Asia,Block1,,41.84,,2.2,59,90,31,Jeonju,Eastern Asia
T397,Asia,Block5,140,47.55,0.34,2.24,60,92,32,Jeonju,Eastern Asia
T398,Asia,Block1,95,32.74,0.34,2.61,84,122,38,Jeonju,Eastern Asia
T399,Asia,Block2,325,61.79,0.19,2.75,58,92,34,Jeonju,Eastern Asia
T400,Asia,Block2,200,58.97,0.29,2.8,48,89,41,Jeonju,Eastern Asia
T401,Asia,Block4,,,,2.64,78,118,40,Jeonju,Eastern Asia
T402,Asia,Block2,555,,,2.55,56,92,36,Jeonju,Eastern Asia
T403,Asia,Block1,195,70.94,0.36,2.16,84,123,39,Jeonju,Eastern Asia
T404,Asia,Block7,210,98,0.47,2.82,78,126,48,Jeonju,Eastern Asia
T405,Asia,Block2,225,,,2.21,86,127,41,Jeonju,Unknown
T406,Asia,Block2,,71.78,,2.67,84,128,44,Jeonju,Unknown
T407,Asia,Block2,195,57.2,0.29,2.17,97,137,40,Jeonju,Eastern Asia
T408,Asia,Block5,225,55.39,0.25,2.38,89,130,41,Jeonju,Eastern Asia
T409,Asia,Block4,105,31.08,0.3,2.57,47,94,47,Jeonju,Eastern Asia
T410,Asia,Block7,325,69.94,0.22,2.02,88,129,41,Jeonju,Eastern Asia
T411,Asia,Block2,110,41.1,0.37,2.11,85,128,43,Jeonju,Eastern Asia
T412,Asia,Block7,,60.59,,2.36,82,119,37,Jeonju,Eastern Asia
T413,Asia,Block5,,38.52,,2.44,72,122,50,Jeonju,Eastern Asia
T414,Asia,Block7,,89.38,,2.22,83,124,41,Jeonju,Eastern Asia
T415,Asia,Block2,170,68.96,0.41,2.25,44,92,48,Jeonju,Eastern Asia
T416,Asia,Block2,105,44.16,0.42,2.88,64,96,32,Jeonju,Unknown
T417,Asia,Block2,215,33.46,0.16,2.28,83,121,38,Jeonju,Unknown
T418,Asia,Block8,125,33.74,0.27,2.55,39,90,51,Jeonju,Unknown
T419,Asia,Block4,280,31.49,0.11,1.38,83,121,38,Jeonju,Unknown
T420,Asia,Block5,,78.93,,2.44,38,89,51,Jeonju,Unknown
T421,Asia,Block2,555,88.95,0.16,3.8,40,86,46,Jeonju,Unknown
T422,Asia,Block8,,0.05,,1.43,87,122,35,Jeonju,Unknown
T423,Asia,Block5,330,75.98,0.23,2.38,40,89,49,Jeonju,Unknown
T424,Asia,Block5,205,52.6,0.26,2.36,42,89,47,Jeonju,Eastern Asia
T425,Asia,Block3,125,12.21,0.1,2.16,44,92,48,Jeonju,Unknown
T426,Asia,Block2,135,49.63,0.37,2.41,82,125,43,Jeonju,Eastern Asia
T427,Asia,Block7,505,,,3.02,74,110,36,Jeonju,Unknown
T428,Asia,Block2,205,84.8,0.41,2.32,42,88,46,Jeonju,Eastern Asia
T429,Asia,Block6,,,,,39,88,49,Jeonju,Southern Africa
T430,Asia,Block1,,,,,41,92,51,Jeonju,Southern Africa
T431,Asia,Block5,345,,,1.78,42,89,47,Jeonju,Southern Africa
T432,Asia,Block1,,54.12,,2.3,40,83,43,Jeonju,Central Africa
C1,Asia,Block1,,,,,62.25,98.75,36.5,Jeonju,Eastern Asia
C2,Asia,Block1,,,,,59.71428571,95.57142857,35.85714286,Jeonju,Eastern Asia
C3,Asia,Block1,,,,,68.125,106.625,38.5,Jeonju,#N/A
C4,Asia,Block1,,,,,49.57142857,94.07142857,44.5,Jeonju,Eastern Asia
C5,Asia,Block1,,,,,72.57142857,110.8571429,38.28571429,Jeonju,Eastern Asia
T438,Africa,Block8,490,,,3.02,42,89,47,Jeonju,Eastern Africa
T439,Africa,Block3,515,89.4,0.17,2.52,90,128,38,Jeonju,Eastern Africa
T440,Africa,Block5,,2.98,,2.02,42,89,47,Jeonju,Western Africa
T441,Africa,Block8,235,5.6,0.02,1.96,38,74,36,Jeonju,Western Africa
T442,Africa,Block7,,,,,54,92,38,Jeonju,Western Africa
T443,Africa,Block8,,,,,39,90,51,Jeonju,Western Africa
T444,Africa,Block5,275,20.31,0.07,2.31,62,92,30,Jeonju,Western Africa
T445,Africa,Block8,,,,,40,81,41,Jeonju,Western Africa
T001,Africa,Block7,562,6.6,0.011743772,1.5065791,62,115,53,Miryang,Western Africa
T002,Africa,Block2,299,,,,62,117,55,Miryang,Western Africa
T003,Africa,Block1,195.5,24.4,0.124808184,2.646852693,45,87,,Miryang,Northern Africa
T004,Africa,Block3,342,40.2,0.11754386,2.717750533,45,100,55,Miryang,Northern Africa
T005,Africa,Block2,198,37,0.186868687,2.60549562,45,87,42,Miryang,Northern Africa
T006,Africa,Block2,242,48.8,0.201652893,2.78274022,45,93,48,Miryang,Northern Africa
T007,Africa,Block8,356.5,40.9,0.114726508,2.60549562,45,93,48,Miryang,Northern Africa
T008,Africa,Block7,520,,,,,100,,Miryang,Eastern Africa
T009,Africa,Block2,384,50.9,0.132552083,3.267208793,45,93,48,Miryang,Eastern Africa
T010,Africa,Block6,484,37.9,0.078305785,2.99543374,45,100,55,Miryang,Eastern Africa
T011,Africa,Block4,456,7.3,0.016008772,2.89794921,45,93,48,Miryang,Northern Africa
T012,Africa,Block3,142,0.8,0.005633803,,45,93,48,Miryang,Northern Africa
T013,Africa,Block6,292,6.1,0.020890411,2.5700467,53,93,40,Miryang,Northern Africa
T014,Africa,Block3,364,9.3,0.025549451,2.983617433,52,100,48,Miryang,Northern Africa
T015,Africa,Block5,200,0.5,0.0025,3.13722942,52,100,48,Miryang,Northern Africa
T016,Africa,Block2,323,4.7,0.014551084,2.62322008,56,100,44,Miryang,Northern Africa
T017,Africa,Block8,392,14.9,0.038010204,2.72956684,52,93,41,Miryang,Northern Africa
T018,Africa,Block5,268,12.4,0.046268657,2.69411792,56,93,37,Miryang,Northern Africa
T019,Africa,Block8,296,8.6,0.029054054,2.8359136,51,93,42,Miryang,Northern Africa
T020,Africa,Block5,250,4.6,0.0184,2.63208231,52,93,41,Miryang,Northern Africa
T021,Africa,Block2,396.5,7.2,0.01815889,2.25100642,51,97,46,Miryang,Northern Africa
T022,Africa,Block8,,16.2,,2.63208231,51,97,46,Miryang,Northern Africa
T023,Africa,Block1,360,40.1,0.111388889,3.47399416,55,93,38,Miryang,Northern Africa
T024,Africa,Block2,351.5,5.6,0.015931721,2.27759311,52,97,45,Miryang,Northern Africa
T025,Africa,Block2,234,10.9,0.046581197,3.13722942,52,97,45,Miryang,Northern Africa
T026,Africa,Block8,296,21.9,0.073986486,2.80046468,51,105,54,Miryang,Northern Africa
T027,Africa,Block6,324,13,0.040123457,3.3676474,52,105,53,Miryang,Northern Africa
T028,Africa,Block3,324,11.7,0.036111111,3.273116947,52,105,53,Miryang,Northern Africa
T029,Africa,Block5,240,45.1,0.187916667,2.69411792,51,105,54,Miryang,Northern Africa
T030,Africa,Block5,310,2.6,0.008387097,3.26130064,52,105,53,Miryang,Northern Africa
T031,Africa,Block4,360,29.4,0.081666667,2.72956684,52,105,53,Miryang,Northern Africa
T032,Africa,Block7,216,9.7,0.044907407,3.04860712,52,105,53,Miryang,Northern Africa
T033,Africa,Block7,308,19.4,0.062987013,3.267208793,49,105,56,Miryang,Northern Africa
T034,Africa,Block5,250,23,0.092,3.308565867,49,105,56,Miryang,Northern Africa
T035,Africa,Block5,290,23,0.079310345,2.59663339,45,105,60,Miryang,Northern Africa
T036,Africa,Block1,327,19.4,0.059327217,3.237668027,51,101,50,Miryang,Northern Africa
T037,Africa,Block6,238,10.9,0.045798319,3.255392487,52,105,53,Miryang,Northern Africa
T038,Africa,Block1,209,12.7,0.06076555,3.196310953,49,105,56,Miryang,Northern Africa
T039,Africa,Block5,264,23,0.087121212,3.426728933,43,105,62,Miryang,Northern Africa
T040,Africa,Block3,306,5.3,0.017320261,2.658669,49,105,56,Miryang,Northern Africa
T041,Africa,Block5,236,42.3,0.179237288,2.95998482,49,100,51,Miryang,Northern Africa
T042,Africa,Block1,388,27.8,0.071649485,2.700026073,53,100,47,Miryang,Northern Africa
T043,Africa,Block4,322.5,12,0.037209302,2.54346001,52,100,48,Miryang,Northern Africa
T044,Africa,Block3,174,13.2,0.075862069,3.001341893,56,100,44,Miryang,Northern Africa
T045,Africa,Block8,334,20.4,0.061077844,3.214035413,52,100,48,Miryang,Northern Africa
T046,Africa,Block1,324,18.6,0.057407407,3.284933253,52,105,53,Miryang,Northern Africa
T047,Africa,Block5,313,27.2,0.086900958,2.4814244,52,105,53,Miryang,Northern Africa
T048,Africa,Block6,336,11.5,0.03422619,2.81818914,52,105,53,Miryang,Northern Africa
T049,Africa,Block1,232,30.4,0.131034483,3.13722942,45,105,60,Miryang,Northern Africa
T050,Africa,Block5,307.5,21.1,0.068617886,3.9880035,45,107,62,Miryang,Northern Africa
T051,Africa,Block3,296,34.9,0.117905405,3.143137573,42,107,65,Miryang,Northern Africa
T052,Africa,Block3,149.5,14.2,0.094983278,2.67639346,42,111,69,Miryang,Northern Africa
T053,Africa,Block3,191.5,24.4,0.127415144,3.49171862,45,111,66,Miryang,Northern Africa
T054,Africa,Block4,270,38.1,0.141111111,3.42082078,49,111,62,Miryang,Northern Africa
T055,Africa,Block1,376,33.2,0.088297872,3.344014787,49,105,56,Miryang,Northern Africa
T056,Africa,Block7,296,9.6,0.032432432,2.16238412,52,107,55,Miryang,Northern Africa
T057,Africa,Block4,374,11,0.029411765,3.219943567,56,107,51,Miryang,Northern Africa
T058,Africa,Block2,352,14.9,0.042329545,3.326290327,52,107,55,Miryang,Northern Africa
T059,Africa,Block5,217.5,15,0.068965517,3.769401827,43,107,64,Miryang,Northern Africa
T060,Africa,Block4,206,37.9,0.183980583,3.710320293,41,107,66,Miryang,Northern Africa
T061,Africa,Block4,288.5,7.4,0.025649913,3.79303444,52,107,55,Miryang,Northern Africa
T062,Africa,Block8,276,32.6,0.118115942,3.769401827,45,107,62,Miryang,Northern Africa
T063,Africa,Block3,280,28.1,0.100357143,3.214035413,45,107,62,Miryang,Northern Africa
T064,Africa,Block2,246,38.9,0.158130081,2.700026073,45,107,62,Miryang,Northern Africa
T065,Africa,Block8,238,46.9,0.197058824,2.918627747,45,107,62,Miryang,Northern Africa
T066,Africa,Block6,237.5,32.6,0.137263158,2.85363806,45,101,56,Miryang,Northern Africa
T067,Africa,Block8,356,39.5,0.110955056,2.78274022,56,101,45,Miryang,Western Africa
T068,Africa,Block8,258,14.6,0.056589147,2.121027047,56,107,51,Miryang,Western Africa
T069,Africa,Block1,326,11.5,0.035276074,1.831527533,57,107,50,Miryang,Western Africa
T070,Africa,Block7,252,5,0.01984127,2.07376182,53,109,56,Miryang,Central Africa
T071,Africa,Block7,395.5,21.7,0.054867257,2.227373807,52,109,57,Miryang,Central Africa
T072,Africa,Block7,162,0.8,0.004938272,,56,109,53,Miryang,Central Africa
T073,Africa,Block3,278,1.1,0.003956835,,51,109,58,Miryang,Eastern Africa
T074,Africa,Block4,209.5,21.3,0.101670644,3.22585172,49,107,58,Miryang,Northern Africa
T075,Africa,Block2,202,12.8,0.063366337,3.41195855,41,101,60,Miryang,Northern Africa
T076,Africa,Block8,414,51.1,0.123429952,3.0131582,39,101,62,Miryang,Northern Africa
T077,Africa,Block7,343.5,28.3,0.082387191,2.794556527,45,101,56,Miryang,Eastern Africa
T078,Africa,Block1,274,4.7,0.017153285,2.58777116,62,115,53,Miryang,Eastern Africa
T079,Africa,Block5,392,17.3,0.044132653,2.0383129,62,115,53,Miryang,Eastern Africa
T080,Africa,Block3,325.5,29.8,0.091551459,2.94226036,56,112,56,Miryang,Eastern Africa
T081,Africa,Block6,395,31.1,0.078734177,2.599587467,57,107,50,Miryang,Eastern Africa
T082,Africa,Block1,468.5,11.7,0.024973319,2.3041798,60,107,47,Miryang,Central Africa
T083,Africa,Block1,371,11.1,0.029919137,2.55232224,53,107,54,Miryang,Eastern Africa
T084,Africa,Block3,351.5,61.4,0.174679943,2.918627747,45,107,62,Miryang,Eastern Africa
T085,Africa,Block3,228,52.2,0.228947368,2.505057013,49,101,52,Miryang,Eastern Africa
T086,Africa,Block8,238.5,,,,53,105,52,Miryang,Northern Africa
T087,Africa,Block4,389,23.8,0.061182519,2.983617433,52,107,55,Miryang,Northern Africa
T088,Africa,Block7,164,9.8,0.059756098,3.15495388,45,101,56,Miryang,Northern Africa
T089,Africa,Block6,207.5,19.3,0.093012048,3.2790251,49,107,58,Miryang,Northern Africa
T090,Africa,Block3,216,17.7,0.081944444,2.918627747,45,101,56,Miryang,Northern Africa
T091,Africa,Block4,555,16.9,0.03045045,2.652760847,58,107,49,Miryang,Northern Africa
T092,Africa,Block2,385.5,1.8,0.004669261,,49,107,58,Miryang,Northern Africa
T093,Africa,Block6,263,9.5,0.036121673,3.28788733,56,103,47,Miryang,Northern Africa
T094,Africa,Block7,252,19.6,0.077777778,3.149045727,49,101,52,Miryang,Northern Africa
T095,Africa,Block7,251,6.5,0.025896414,3.3676474,52,107,55,Miryang,Northern Africa
T096,Africa,Block7,312,29.7,0.095192308,3.249484333,49,96,47,Miryang,Northern Africa
T097,Africa,Block7,316,2.8,0.008860759,2.64094454,56,109,53,Miryang,Eastern Africa
T098,Africa,Block4,244.5,1.2,0.004907975,2.00286398,52,109,57,Miryang,Western Africa
T099,Africa,Block7,319,17.1,0.053605016,2.42825102,59,107,48,Miryang,Western Africa
T100,Africa,Block3,295.5,3.4,0.011505922,1.47113018,59,115,56,Miryang,Western Africa
T101,Africa,Block6,270,1.2,0.004444444,1.71927262,64,118,54,Miryang,Western Africa
T102,Africa,Block2,368,9.9,0.026902174,2.5700467,57,107,50,Miryang,Western Africa
T103,Africa,Block2,246,38.4,0.156097561,3.38537186,49,93,44,Miryang,Western Africa
T104,Africa,Block5,270,19.5,0.072222222,3.125413113,52,101,49,Miryang,Western Africa
T105,Africa,Block7,152.5,19.7,0.129180328,3.17267834,52,101,49,Miryang,Western Africa
T106,Africa,Block2,249,0.8,0.003212851,,58,118,60,Miryang,Western Africa
T108,Africa,Block5,271,3.3,0.012177122,2.72956684,52,112,60,Miryang,Western Africa
T109,Africa,Block6,292,14.8,0.050684932,2.203741193,53,115,62,Miryang,Western Africa
T110,Africa,Block7,258,11.7,0.045348837,2.599587467,52,112,60,Miryang,Western Africa
T111,Africa,Block6,228.5,9.8,0.042888403,2.95112259,49,101,52,Miryang,Western Africa
T112,Africa,Block5,274.5,11.9,0.043351548,2.95112259,49,107,58,Miryang,Western Africa
T113,Africa,Block8,473,40.3,0.085200846,2.505057013,52,107,55,Miryang,Western Africa
T114,Africa,Block7,336.5,22.5,0.066864785,2.81818914,45,107,62,Miryang,Western Africa
T115,Africa,Block3,355.5,48.3,0.135864979,2.593679313,53,101,48,Miryang,Western Africa
T116,Africa,Block3,606,28.3,0.04669967,2.44597548,62,107,45,Miryang,Western Africa
T118,Africa,Block1,576,6.6,0.011458333,2.28645534,62,115,53,Miryang,Northern Africa
T119,Africa,Block2,295,21.5,0.072881356,2.741383147,57,114,57,Miryang,Northern Africa
T120,Africa,Block5,453,63.1,0.139293598,2.989525587,45,101,56,Miryang,Northern Africa
T121,Africa,Block7,408.5,16.4,0.040146879,2.17124635,59,107,48,Miryang,Northern Africa
T122,Africa,Block3,392,2.7,0.006887755,2.00286398,64,109,45,Miryang,Northern Africa
T123,Africa,Block4,488.5,6,0.012282497,1.52430356,64,105,41,Miryang,Northern Africa
T124,Africa,Block8,218.5,5.9,0.027002288,2.28645534,48,107,59,Miryang,Northern Africa
T125,Africa,Block4,275.5,15.3,0.05553539,2.54346001,59,107,48,Miryang,Northern Africa
T126,Africa,Block6,438,5.3,0.012100457,2.061945513,62,107,45,Miryang,Northern Africa
T127,Africa,Block6,242,,,,62,107,45,Miryang,Northern Africa
T128,Africa,Block3,375.5,2.9,0.007723036,1.19640105,58,112,54,Miryang,Northern Africa
T129,Africa,Block4,391.5,16.9,0.043167305,2.221465653,58,107,49,Miryang,Northern Africa
T130,Africa,Block8,193.5,23.7,0.12248062,2.841821753,49,103,54,Miryang,Northern Africa
T131,Africa,Block6,332.5,26.6,0.08,2.41052656,51,103,52,Miryang,Northern Africa
T132,Africa,Block7,288.5,7.5,0.025996534,1.82561938,57,107,50,Miryang,Northern Africa
T133,Africa,Block6,424,7.6,0.017924528,1.9496906,58,107,49,Miryang,Northern Africa
T134,Africa,Block4,367,26.1,0.071117166,2.770923913,58,107,49,Miryang,Northern Africa
T135,Africa,Block3,269.5,13.2,0.048979592,1.91424168,47,115,68,Miryang,Northern Africa
T136,Africa,Block1,578.5,17.6,0.030423509,2.64094454,61,109,48,Miryang,Northern Africa
T137,Africa,Block8,417,64.7,0.155155875,2.948168513,53,107,54,Miryang,Northern Africa
T138,Africa,Block4,326,17.6,0.05398773,2.51687332,57,107,50,Miryang,Northern Africa
T139,Africa,Block2,483,23,0.047619048,2.41052656,57,107,50,Miryang,Northern Africa
T140,Africa,Block8,310.5,1.6,0.005152979,,58,112,54,Miryang,Northern Africa
T141,Africa,Block7,356,8.9,0.025,2.475516247,58,112,54,Miryang,Northern Africa
T142,Africa,Block5,392,10,0.025510204,1.819711227,58,108,50,Miryang,Northern Africa
T143,Africa,Block4,420,9.2,0.021904762,2.256914573,58,112,54,Miryang,Northern Africa
T144,Africa,Block3,556,0.6,0.001079137,,71,117,46,Miryang,Northern Africa
T145,Africa,Block4,337.5,19,0.056296296,2.635036387,53,108,55,Miryang,Northern Africa
T146,Africa,Block3,270,7.1,0.026296296,2.25986865,53,108,55,Miryang,Northern Africa
T147,Africa,Block1,257.5,54.3,0.210873786,2.76501576,46,108,62,Miryang,Northern Africa
T148,Africa,Block1,484,19.2,0.039669421,2.67639346,56,111,55,Miryang,Northern Africa
T149,Africa,Block1,264,23.6,0.089393939,2.64094454,49,115,66,Miryang,Northern Africa
T150,Africa,Block6,268,3.5,0.013059701,,56,108,52,Miryang,Northern Africa
T151,Africa,Block5,304,10.1,0.033223684,2.369169487,62,115,53,Miryang,Northern Africa
T152,Africa,Block3,301,6.3,0.020930233,1.63065032,57,115,58,Miryang,Northern Africa
T153,Africa,Block4,322,9.6,0.029813665,2.475516247,62,112,50,Miryang,Northern Africa
T154,Africa,Block4,530.5,5.5,0.010367578,1.74585931,71,115,44,Miryang,Northern Africa
T155,Africa,Block3,312,0.9,0.002884615,2.16238412,62,112,50,Miryang,Northern Africa
T156,Africa,Block7,384.5,3.5,0.009102731,2.10921074,53,114,61,Miryang,Northern Africa
T157,Africa,Block1,346,11.3,0.03265896,1.908333527,57,115,58,Miryang,Northern Africa
T158,Africa,Block5,418,2.5,0.005980861,1.98513952,62,115,53,Miryang,Northern Africa
T159,Africa,Block8,375,9.8,0.026133333,2.138751507,62,115,53,Miryang,Northern Africa
T160,Africa,Block4,464,7.1,0.015301724,2.81818914,58,108,50,Miryang,Northern Africa
T161,Africa,Block4,580,14.1,0.024310345,2.07376182,56,115,59,Miryang,Northern Africa
T162,Africa,Block8,508,2.6,0.00511811,2.44597548,62,115,53,Miryang,Northern Africa
T163,Africa,Block8,446,16.5,0.036995516,2.60549562,62,117,55,Miryang,Northern Africa
T164,Africa,Block5,374,8.8,0.023529412,2.11807297,57,112,55,Miryang,Northern Africa
T165,Africa,Block1,526,12.5,0.023764259,2.41052656,57,112,55,Miryang,Northern Africa
T166,Africa,Block1,392,28.8,0.073469388,3.0131582,46,110,64,Miryang,Northern Africa
T167,Africa,Block8,548,8,0.01459854,2.49914886,58,115,57,Miryang,Central Africa
T168,Africa,Block2,138.5,8.4,0.060649819,2.629128233,46,112,66,Miryang,Northern Africa
T169,Africa,Block1,692.5,0.4,0.000577617,,51,108,57,Miryang,Eastern Africa
T170,Africa,Block4,282,12.8,0.045390071,2.682301613,56,117,61,Miryang,Eastern Africa
T171,Africa,Block3,410,8.2,0.02,2.10921074,62,112,50,Miryang,Eastern Africa
T172,Africa,Block1,440,2.6,0.005909091,,60,117,57,Miryang,Eastern Africa
T173,Africa,Block1,469,1.3,0.002771855,,62,117,55,Miryang,Eastern Africa
T174,Africa,Block1,328,0.4,0.001219512,,62,112,50,Miryang,Eastern Africa
T175,Africa,Block6,450,9.1,0.020222222,2.55232224,62,115,53,Miryang,Eastern Africa
T176,Africa,Block1,134,19.8,0.147761194,2.717750533,41,112,71,Miryang,Northern Africa
T177,Africa,Block2,322,5.5,0.017080745,3.03088266,56,93,37,Miryang,Northern Africa
T178,Africa,Block2,206.5,28.3,0.137046005,2.841821753,45,93,48,Miryang,Northern Africa
T179,Africa,Block8,249,13.6,0.054618474,2.87136252,49,93,44,Miryang,Northern Africa
T180,Africa,Block8,257.5,7.8,0.030291262,2.95112259,49,107,58,Miryang,Northern Africa
T181,Africa,Block4,282,5.7,0.020212766,2.50801109,49,107,58,Miryang,Northern Africa
T182,Africa,Block6,1192,4.4,0.003691275,3.08405604,49,107,58,Miryang,Northern Africa
T183,Africa,Block4,138,4.6,0.033333333,2.4814244,42,92,50,Miryang,Northern Africa
T184,Africa,Block3,,,,,,,,Miryang,Eastern Africa
T185,Africa,Block4,390,0.5,0.001282051,,62,92,30,Miryang,Eastern Africa
T186,Africa,Block8,256,3.2,0.0125,1.96741506,56,92,36,Miryang,Eastern Africa
T187,Africa,Block4,313,,,,,96,,Miryang,Eastern Africa
T188,Africa,Block6,347.5,0.2,0.00057554,,,92,,Miryang,Eastern Africa
T189,Africa,Block6,346,1.3,0.003757225,,59,109,50,Miryang,Eastern Africa
T190,Africa,Block8,354,0.4,0.001129944,,62,117,55,Miryang,Eastern Africa
T191,Africa,Block7,620.5,1,0.001611604,,62,115,53,Miryang,Eastern Africa
T192,Africa,Block8,340,0.4,0.001176471,,62,109,47,Miryang,Eastern Africa
T193,Africa,Block7,535.5,6.1,0.011391223,2.51687332,59,112,53,Miryang,Eastern Africa
T194,Africa,Block7,455.5,2.1,0.004610318,,62,115,53,Miryang,Eastern Africa
T195,Africa,Block4,,2.3,,,62,109,47,Miryang,Eastern Africa
T196,Africa,Block6,356.5,3.8,0.010659187,2.07376182,57,115,58,Miryang,Eastern Africa
T197,Africa,Block1,476,0.1,0.000210084,,62,115,53,Miryang,Eastern Africa
T198,Africa,Block5,284.5,,,,,112,,Miryang,Eastern Africa
T199,Africa,Block3,634.5,2.1,0.003298775,,62,112,50,Miryang,Eastern Africa
T200,Africa,Block7,147,,,,,112,,Miryang,Central Africa
T201,Africa,Block7,258,0.9,0.003488372,,58,115,57,Miryang,Central Africa
T202,Africa,Block4,220,0.7,0.003181818,,64,115,51,Miryang,Central Africa
T203,Africa,Block3,664,3.1,0.004668675,2.05603736,58,115,57,Miryang,Central Africa
T204,Africa,Block1,372,0.3,0.000806452,,58,112,54,Miryang,Central Africa
T205,Africa,Block2,426,2.1,0.004929577,2.32190426,51,112,61,Miryang,Eastern Africa
T206,Africa,Block2,184,21.5,0.116847826,2.646852693,51,107,56,Miryang,Central Africa
T207,Africa,Block4,418,1.4,0.003349282,,58,115,57,Miryang,Central Africa
T208,Africa,Block2,289.5,21.5,0.074265976,2.883178827,53,107,54,Miryang,Northern Africa
T209,Africa,Block3,180,8.9,0.049444444,2.27759311,43,107,,Miryang,Northern Africa
T210,Africa,Block6,180.5,19.7,0.109141274,3.08405604,45,107,62,Miryang,Northern Africa
T211,Africa,Block8,318,7.3,0.022955975,2.89794921,52,114,62,Miryang,Eastern Africa
T212,Africa,Block3,444,13.9,0.031306306,2.351445027,49,112,63,Miryang,Eastern Africa
T213,Africa,Block1,193,31.5,0.163212435,3.22585172,45,92,47,Miryang,Eastern Africa
T214,Africa,Block6,250,41.3,0.1652,3.219943567,51,97,46,Miryang,Western Africa
T215,Africa,Block8,488,4.6,0.00942623,2.07376182,51,97,46,Miryang,Eastern Africa
T216,Africa,Block2,343.5,14.8,0.043085881,3.08405604,45,115,70,Miryang,Northern Africa
T217,Africa,Block4,358,27.7,0.077374302,2.3928021,53,115,62,Miryang,Western Africa
T218,Africa,Block8,238,11.7,0.049159664,2.4814244,56,104,48,Miryang,Eastern Africa
T219,Africa,Block7,414,17.7,0.042753623,3.019066353,50,118,68,Miryang,Northern Africa
T220,Africa,Block8,258,10.8,0.041860465,1.98513952,52,107,55,Miryang,Northern Africa
T221,Africa,Block5,419,31,0.07398568,2.57890893,58,115,57,Miryang,Western Africa
T222,Africa,Block6,258,1.1,0.004263566,,71,115,44,Miryang,Western Africa
T224,Africa,Block5,735.5,1.8,0.002447315,,62,117,55,Miryang,Western Africa
T225,Africa,Block2,507,31.8,0.062721893,2.85363806,51,112,61,Miryang,Western Africa
T227,Africa,Block8,268,6.6,0.024626866,2.72956684,62,112,50,Miryang,Northern Africa
T228,Africa,Block6,209,16.3,0.077990431,2.635036387,51,115,64,Miryang,Northern Africa
T229,Africa,Block2,368.5,26.6,0.072184532,2.575954853,51,112,61,Miryang,Northern Africa
T230,Africa,Block6,452.5,1.6,0.003535912,,58,115,57,Miryang,Northern Africa
T231,Africa,Block7,434.5,17,0.039125432,2.32190426,47,115,68,Miryang,Northern Africa
T232,Africa,Block2,268,22.5,0.083955224,2.723658687,52,112,60,Miryang,Northern Africa
T233,Africa,Block7,393.5,16,0.040660737,1.88,60,112,52,Miryang,Northern Africa
T234,Africa,Block1,420,4.2,0.01,2.2155575,47,115,68,Miryang,Northern Africa
T235,Africa,Block6,414.5,0.7,0.001688782,,71,103,32,Miryang,Eastern Africa
T236,Africa,Block8,400.5,6.4,0.015980025,2.11807297,59,112,53,Miryang,Eastern Africa
T237,Africa,Block6,312,39.7,0.12724359,2.971801127,42,93,51,Miryang,Central Africa
T238,Africa,Block1,224,38.9,0.173660714,3.04860712,41,93,52,Miryang,Northern Africa
T239,Africa,Block6,574,47.8,0.083275261,3.060423427,42,106,64,Miryang,Eastern Africa
T240,Africa,Block6,329,54.6,0.165957447,3.273116947,45,93,48,Miryang,Eastern Africa
T241,Africa,Block1,141,41.4,0.293617021,2.971801127,45,93,48,Miryang,Eastern Africa
T242,Africa,Block2,277.5,61.9,0.223063063,2.67639346,42,101,59,Miryang,Eastern Africa
T243,Africa,Block3,522.5,48.1,0.092057416,3.143137573,49,103,54,Miryang,Eastern Africa
T244,Africa,Block6,252,25.1,0.099603175,3.17267834,45,107,62,Miryang,Eastern Africa
T245,Africa,Block4,514.5,55,0.106899903,2.759107607,43,107,64,Miryang,Eastern Africa
T246,Africa,Block6,232.5,34.1,0.146666667,3.50058085,42,93,51,Miryang,Northern Africa
T247,Africa,Block6,436,42.9,0.098394495,2.62322008,45,93,48,Miryang,Northern Africa
T248,Africa,Block3,122,35.7,0.292622951,2.971801127,45,93,48,Miryang,Eastern Africa
T249,Africa,Block7,282,73.6,0.260992908,3.609881687,41,93,52,Miryang,Eastern Africa
T250,Africa,Block4,452,89.7,0.198451327,3.125413113,42,93,51,Miryang,Eastern Africa
T251,Africa,Block2,332,48.5,0.146084337,3.03088266,42,93,51,Miryang,Eastern Africa
T252,Africa,Block1,226,39.4,0.174336283,2.894995133,51,107,56,Miryang,Eastern Africa
T253,Africa,Block2,500,46,0.092,,51,107,56,Miryang,Eastern Africa
T254,Africa,Block6,369.5,18.1,0.048985115,3.143137573,49,112,63,Miryang,Eastern Africa
T255,Africa,Block4,272,26.7,0.098161765,3.44740747,45,107,62,Miryang,Eastern Africa
T256,Africa,Block5,349.5,18.4,0.052646638,2.794556527,49,107,58,Miryang,Northern Africa
T257,Africa,Block5,172.5,36,0.208695652,3.373555553,42,94,52,Miryang,Eastern Africa
T258,Africa,Block5,176.5,14.4,0.081586402,2.89794921,45,93,48,Miryang,Eastern Africa
T259,Africa,Block8,246,34.4,0.139837398,3.196310953,43,93,50,Miryang,Eastern Africa
T260,Africa,Block7,287.5,,,,71,112,41,Miryang,Eastern Africa
T261,Africa,Block7,156,31.6,0.202564103,,46,93,47,Miryang,Northern Africa
T262,Africa,Block5,177.4,30.4,0.171364149,3.57147869,42,93,51,Miryang,Northern Africa
T263,Africa,Block3,222,41,0.184684685,3.284933253,42,93,51,Miryang,Northern Africa
T264,Africa,Block5,447,46.9,0.1049217,3.042698967,43,93,50,Miryang,Northern Africa
T265,Africa,Block6,216.5,26.8,0.123787529,3.4562697,38,93,55,Miryang,Northern Africa
T266,Africa,Block7,250,38.9,0.1556,2.824097293,38,93,55,Miryang,Northern Africa
T267,Africa,Block5,196,,,,42,93,51,Miryang,Northern Africa
T268,Africa,Block5,166,22.2,0.13373494,3.34106071,38,93,55,Miryang,Eastern Africa
T269,Africa,Block8,341,84.2,0.246920821,3.231759873,42,87,45,Miryang,Northern Africa
T270,Africa,Block1,246,57.4,0.233333333,3.06633158,42,94,52,Miryang,Northern Africa
T271,Africa,Block6,190,37.1,0.195263158,2.85363806,42,87,45,Miryang,Northern Africa
T272,Africa,Block2,186,30.9,0.166129032,3.34992294,42,94,52,Miryang,Northern Africa
T273,Africa,Block4,261.5,47.8,0.182791587,2.894995133,42,94,52,Miryang,Southern Africa
T274,Africa,Block3,276,54.5,0.197463768,3.089964193,42,94,52,Miryang,Eastern Africa
T275,Africa,Block8,214,30.1,0.140654206,3.31447402,42,94,52,Miryang,Northern Africa
T276,Africa,Block2,388,64.3,0.165721649,3.08405604,42,94,52,Miryang,Northern Africa
T278,Africa,Block1,208,42.5,0.204326923,3.089964193,42,94,52,Miryang,Northern Africa
T279,Africa,Block8,259.5,52.1,0.200770713,3.338106633,42,94,52,Miryang,Northern Africa
T280,Africa,Block7,178.5,14.9,0.083473389,2.617311927,51,94,43,Miryang,Western Africa
T281,Africa,Block1,376,72,0.191489362,3.397188167,42,94,52,Miryang,Western Africa
T282,Africa,Block7,214,24.9,0.11635514,3.31447402,42,94,52,Miryang,Northern Africa
T283,Africa,Block7,302,36.6,0.121192053,3.50944308,42,94,52,Miryang,Northern Africa
T284,Africa,Block8,193,23.3,0.120725389,3.52716754,42,87,45,Miryang,Western Africa
T285,Africa,Block1,214,15.7,0.073364486,3.32333625,42,87,45,Miryang,Northern Africa
T286,Africa,Block7,68,8,0.117647059,3.11950496,42,87,45,Miryang,Northern Africa
T287,Africa,Block6,280,52.2,0.186428571,3.302657713,45,87,42,Miryang,Northern Africa
T288,Africa,Block4,128,21.8,0.1703125,3.47399416,42,87,45,Miryang,Northern Africa
T289,Africa,Block5,186,23,0.123655914,3.33219848,42,87,45,Miryang,Northern Africa
T290,Africa,Block1,262.5,57.3,0.218285714,3.940738273,42,87,45,Miryang,Eastern Africa
T291,Africa,Block3,212,45,0.212264151,3.9880035,42,87,45,Miryang,Northern Africa
T292,Africa,Block1,442,46.9,0.106108597,3.249484333,45,93,48,Miryang,Eastern Africa
T293,Africa,Block3,198,26.9,0.135858586,3.7221366,42,93,51,Miryang,Northern Africa
T294,Asia,Block6,110,4.7,0.042727273,2.83,42,88,46,Miryang,Middle East
T295,Asia,Block1,245.5,18.4,0.074949084,2.766666667,37,88,51,Miryang,Middle East
T296,Asia,Block7,422,10.4,0.02464455,2.2,51,108,57,Miryang,Middle East
T297,Asia,Block4,158,26.4,0.167088608,3.2,45,108,63,Miryang,Middle East
T298,Asia,Block7,99,7.4,0.074747475,2.466666667,37,108,71,Miryang,Middle East
T299,Asia,Block3,337,20.5,0.060830861,2.36,42,108,66,Miryang,Middle East
T300,Asia,Block4,480,18.2,0.037916667,3.133333333,56,108,52,Miryang,Middle East
T301,Asia,Block4,172,22.5,0.130813953,2.98,45,108,63,Miryang,Middle East
T302,Asia,Block8,271.5,17.1,0.062983425,3.26,42,108,66,Miryang,Middle East
T303,Asia,Block6,257.5,56.3,0.218640777,3.58,42,88,46,Miryang,Middle East
T304,Africa,Block5,176,11.4,0.064772727,3.462177853,45,88,43,Miryang,Northern Africa
T305,Africa,Block4,208,6.2,0.029807692,3.1017805,49,88,39,Miryang,Northern Africa
T306,Asia,Block3,560,1.2,0.002142857,,58,94,36,Miryang,Southern Asia
T307,Asia,Block8,484,5.9,0.012190083,3.0131582,58,94,36,Miryang,Southern Asia
T308,Asia,Block8,282,31.8,0.112765957,3.326290327,42,94,52,Miryang,Southern Asia
T309,Asia,Block1,522.5,4.5,0.00861244,2.01172621,59,94,35,Miryang,Southern Asia
T310,Asia,Block1,448,42.6,0.095089286,3.143137573,51,94,43,Miryang,Southern Asia
T311,Asia,Block6,294,13.3,0.045238095,3.361739247,56,94,38,Miryang,Southern Asia
T312,Asia,Block5,248,8.7,0.035080645,3.11950496,45,94,49,Miryang,Southern Asia
T313,Asia,Block3,430,4.5,0.010465116,3.38537186,51,94,43,Miryang,Southern Asia
T314,Asia,Block7,188.5,33.3,0.176657825,3.326290327,42,87,45,Miryang,Eastern Asia
T315,Asia,Block4,212.5,44.9,0.211294118,3.79303444,49,108,59,Miryang,Eastern Asia
T316,Asia,Block4,751,144.5,0.19241012,3.521259387,49,118,69,Miryang,Eastern Asia
T317,Asia,Block6,459.5,78.1,0.169967356,3.550800153,49,107,58,Miryang,Eastern Asia
T318,Asia,Block3,88,12.4,0.140909091,2.759107607,45,81,36,Miryang,Eastern Asia
T319,Others,Block6,283.5,27.9,0.098412698,3.24357618,51,108,57,Miryang,Northern America
T320,Others,Block4,492,10,0.020325203,3.14609165,56,112,56,Miryang,Northern America
T321,Others,Block3,385,21.9,0.056883117,3.27016287,55,112,57,Miryang,Northern America
T322,Others,Block2,353,71.8,0.203399433,2.812280987,49,108,59,Miryang,Northern America
T323,Others,Block3,260,3.9,0.015,3.0131582,60,112,52,Miryang,Northern America
T324,Asia,Block2,354.5,41.1,0.115937941,3.024974507,45,94,49,Miryang,Eastern Asia
T325,Asia,Block1,203.5,19.5,0.095823096,2.77387799,42,94,52,Miryang,Eastern Asia
T326,Asia,Block6,320,5.9,0.0184375,2.46369994,52,94,42,Miryang,Eastern Asia
T327,Asia,Block5,806,43.2,0.053598015,2.71184238,53,94,41,Miryang,Eastern Asia
T328,Asia,Block6,860,34.2,0.039767442,3.40309632,51,94,43,Miryang,Eastern Asia
T329,Africa,Block7,152.5,34.4,0.22557377,3.284933253,42,88,46,Miryang,Northern Africa
T330,Africa,Block3,498,19.9,0.039959839,3.219943567,53,94,41,Miryang,Northern Africa
T331,Africa,Block8,342,7.1,0.020760234,3.18154057,51,94,43,Miryang,Northern Africa
T332,Asia,Block6,324,49.6,0.15308642,3.003333333,53,108,55,Miryang,Southern Asia
T333,Asia,Block5,272,14,0.051470588,2.11,56,108,52,Miryang,Southern Asia
T334,Asia,Block8,316.5,24.8,0.07835703,2.406666667,52,108,56,Miryang,Southern Asia
T335,Asia,Block2,382,26.5,0.069371728,3.005,46,108,62,Miryang,Southern Asia
T336,Others,Block2,175,37.4,0.213714286,2.906666667,42,88,46,Miryang,Eurasia
T337,Others,Block3,335,43.9,0.131044776,2.616666667,45,108,63,Miryang,Eurasia
T338,Others,Block1,,29.9,,3.196666667,46,108,62,Miryang,Eurasia
T339,Others,Block8,391.5,88.8,0.226819923,3.176666667,45,88,43,Miryang,Eurasia
T340,Others,Block1,178,27.9,0.156741573,3.13,42,88,46,Miryang,Eurasia
T341,Others,Block7,420,7.7,0.018333333,3.04,42,108,66,Miryang,Eurasia
T342,Asia,Block4,313,73.2,0.233865815,3.373555553,42,107,65,Miryang,Eastern Asia
T343,Asia,Block4,222.5,24.5,0.11011236,3.355831093,42,108,66,Miryang,Eastern Asia
T344,Asia,Block6,292.5,24.6,0.084102564,3.024974507,45,87,42,Miryang,Eastern Asia
T345,Asia,Block7,250,44.3,0.1772,2.794556527,42,94,52,Miryang,Eastern Asia
T346,Asia,Block1,217.5,48,0.220689655,3.373555553,45,94,49,Miryang,Eastern Asia
T347,Asia,Block7,344,15.6,0.045348837,3.15495388,48,94,46,Miryang,Southern Asia
T348,Asia,Block4,348,31.6,0.090804598,3.15495388,51,94,43,Miryang,Southern Asia
T349,Asia,Block5,192,16.7,0.086979167,3.17267834,37,88,51,Miryang,Southern Asia
T350,Asia,Block2,376,13.9,0.036968085,2.77387799,52,94,42,Miryang,Southern Asia
T351,Others,Block3,492,75.4,0.153252033,3.024974507,49,94,45,Miryang,Middle East
T352,Others,Block5,322,22.6,0.070186335,3.267208793,46,94,48,Miryang,Middle East
T353,Others,Block5,538,58.6,0.108921933,3.13722942,49,94,45,Miryang,Middle East
T354,Others,Block8,266,9,0.033834586,3.25243841,56,107,51,Miryang,Middle East
T355,Others,Block4,422,38.5,0.091232227,2.723658687,45,107,62,Miryang,Middle East
T356,Others,Block2,300,22.2,0.074,3.249484333,45,107,62,Miryang,Middle East
T357,Asia,Block5,252,15.7,0.062301587,3.284933253,42,93,51,Miryang,Southern Asia
T358,Asia,Block7,107.5,17.6,0.16372093,3.036790813,49,93,44,Miryang,Southern Asia
T359,Asia,Block3,220,23.5,0.106818182,3.3676474,51,94,43,Miryang,Southern Asia
T360,Asia,Block8,402,41.2,0.102487562,3.485810467,48,94,46,Miryang,Southern Asia
T361,Asia,Block3,352,14.9,0.042329545,3.25243841,42,94,52,Miryang,Southern Asia
T362,Asia,Block8,396,30.7,0.077525253,3.178586493,42,94,52,Miryang,Southern Asia
T363,Asia,Block4,429,50.7,0.118181818,3.538983847,52,94,42,Miryang,Southern Asia
T364,Asia,Block3,326,8.1,0.024846626,3.49171862,51,94,43,Miryang,Southern Asia
T365,Asia,Block8,168,17,0.101190476,3.52716754,52,94,42,Miryang,Southern Asia
T366,Asia,Block2,252,8,0.031746032,2.68525569,42,93,51,Miryang,Southern Asia
T367,Asia,Block3,276,27.7,0.100362319,3.34992294,45,109,64,Miryang,Middle East
T368,Asia,Block3,383.5,60.2,0.156975228,2.741383147,45,88,43,Miryang,Eastern Asia
T369,Asia,Block5,260,43.7,0.168076923,3.432637087,45,88,43,Miryang,Eastern Asia
T370,Asia,Block2,378,35.7,0.094444444,2.369169487,45,107,62,Miryang,Eastern Asia
T371,Asia,Block1,379.5,78.1,0.205797101,3.08405604,49,107,58,Miryang,Eastern Asia
T372,Asia,Block3,280,35,0.125,3.58034092,42,108,66,Miryang,Eastern Asia
T373,Asia,Block2,462,6.6,0.014285714,3.33219848,64,112,48,Miryang,Southern Asia
T374,Asia,Block2,405,15,0.037037037,2.050129207,52,108,56,Miryang,Southern Asia
T375,Asia,Block5,283,9.4,0.033215548,2.841821753,56,108,52,Miryang,Southern Asia
T376,Asia,Block5,560,20.5,0.036607143,3.21698949,58,112,54,Miryang,Southern Asia
T377,Asia,Block5,316,24.9,0.078797468,3.323333333,51,112,61,Miryang,Southern Asia
T378,Asia,Block5,409,20.5,0.050122249,2.985,53,108,55,Miryang,Southern Asia
T379,Asia,Block7,171.5,23.9,0.139358601,,52,108,56,Miryang,Southern Asia
T380,Asia,Block1,377.5,6.4,0.016953642,2.14,62,112,50,Miryang,Southern Asia
T381,Asia,Block2,332,12.1,0.036445783,2.05,50,112,62,Miryang,Southern Asia
T382,Asia,Block4,235,25.4,0.108085106,3.06,42,88,46,Miryang,Middle East
T383,Asia,Block4,216,37.8,0.175,3.14,42,88,46,Miryang,Middle East
T384,Asia,Block5,189,38.2,0.202116402,3.426666667,42,88,46,Miryang,Middle East
T385,Asia,Block8,413,47.1,0.114043584,2.663333333,42,108,66,Miryang,Middle East
T386,Others,Block3,265,64.6,0.243773585,3.31,45,88,43,Miryang,Northern America
T387,Others,Block5,276,27.4,0.099275362,2.87,45,88,43,Miryang,Northern America
T388,Others,Block8,330,11.4,0.034545455,2.57,53,108,55,Miryang,Northern America
T389,Others,Block7,176,43.8,0.248863636,3.02,35,88,53,Miryang,Northern America
T390,Others,Block3,194,48,0.24742268,2.756666667,45,88,43,Miryang,Northern America
T391,Others,Block8,298,28.6,0.095973154,2.746666667,49,108,59,Miryang,Southern America
T392,Others,Block6,194,13.8,0.071134021,3.06,45,108,63,Miryang,Southern America
T393,Others,Block6,332,20.9,0.062951807,2.665,49,108,59,Miryang,Southern America
T394,Asia,Block8,178.5,46.4,0.259943978,3.05746935,39,85,46,Miryang,Eastern Asia
T395,Asia,Block3,176,36.3,0.20625,3.70441214,45,87,42,Miryang,Eastern Asia
T396,Asia,Block1,248,34.2,0.137903226,2.78274022,47,87,40,Miryang,Eastern Asia
T397,Asia,Block5,269.5,59.4,0.220408163,2.759107607,42,87,45,Miryang,Eastern Asia
T398,Asia,Block1,216,23,0.106481481,2.859546213,42,85,43,Miryang,Eastern Asia
T399,Asia,Block2,222,66.8,0.300900901,3.479902313,45,87,42,Miryang,Eastern Asia
T400,Asia,Block2,195,35.8,0.183589744,3.255392487,42,85,43,Miryang,Eastern Asia
T401,Asia,Block4,202,42.5,0.21039604,3.255392487,42,87,45,Miryang,Eastern Asia
T402,Asia,Block2,176,32,0.181818182,3.302657713,45,85,40,Miryang,Eastern Asia
T403,Asia,Block1,130,25.6,0.196923077,2.76,42,74,32,Miryang,Eastern Asia
T404,Asia,Block7,200,28.4,0.142,2.948168513,42,85,43,Miryang,Eastern Asia
T405,Asia,Block2,458,44.7,0.097598253,3.083333333,45,108,63,Miryang,Unknown
T406,Asia,Block2,291,44,0.151202749,2.92,45,88,43,Miryang,Unknown
T407,Asia,Block2,206,38.7,0.187864078,2.812280987,46,87,41,Miryang,Eastern Asia
T408,Asia,Block5,174,39.1,0.224712644,3.131321267,46,81,35,Miryang,Eastern Asia
T409,Asia,Block4,144,18.4,0.127777778,2.256914573,37,78,41,Miryang,Eastern Asia
T410,Asia,Block7,,,,,36,71,35,Miryang,Eastern Asia
T411,Asia,Block2,283.5,28.3,0.099823633,2.434159173,37,84,47,Miryang,Eastern Asia
T412,Asia,Block7,293.5,19.8,0.06746167,2.510965167,37,81,44,Miryang,Eastern Asia
T413,Asia,Block5,176,46.4,0.263636364,3.1017805,42,87,45,Miryang,Eastern Asia
T414,Asia,Block7,166.5,42.7,0.256456456,3.24357618,42,87,45,Miryang,Eastern Asia
T415,Asia,Block2,125.5,3.5,0.027888446,2.78274022,42,79,37,Miryang,Eastern Asia
T416,Asia,Block2,125.5,5.7,0.045418327,2.65,45,80,35,Miryang,Unknown
T417,Asia,Block2,137.5,16.7,0.121454545,3.153333333,42,108,66,Miryang,Unknown
T418,Asia,Block8,259.5,62.7,0.241618497,3.046666667,47,108,61,Miryang,Unknown
T419,Asia,Block4,249.5,36.4,0.145891784,2.346666667,45,88,43,Miryang,Unknown
T420,Asia,Block5,234,44.4,0.18974359,2.855,45,88,43,Miryang,Unknown
T421,Asia,Block2,229,16.6,0.072489083,2.496666667,49,108,59,Miryang,Unknown
T422,Asia,Block8,201.5,2.4,0.01191067,2.89,48,108,60,Miryang,Unknown
T423,Asia,Block5,330,53,0.160606061,2.61,45,108,63,Miryang,Unknown
T424,Asia,Block5,184,28.8,0.156521739,3.19,45,88,43,Miryang,Eastern Asia
T425,Asia,Block3,176,27.2,0.154545455,2.733333333,42,88,46,Miryang,Unknown
T426,Asia,Block2,100.5,34,0.338308458,2.75,42,88,46,Miryang,Eastern Asia
T427,Asia,Block7,240.5,19,0.079002079,3.11,45,88,43,Miryang,Unknown
T428,Asia,Block2,51,12.8,0.250980392,2.716666667,42,80,38,Miryang,Eastern Asia
T431,Asia,Block5,280,2.1,0.0075,,60,108,48,Miryang,Southern Africa
TN01,Africa,Block4,401,8.6,0.021446384,2.723658687,53,107,54,Miryang,Northern Africa
TN02,Asia,Block7,223,64.2,0.287892377,2.733333333,51,108,57,Miryang,Eastern Asia
TN03,Asia,Block7,157,32.9,0.20955414,2.703333333,45,88,43,Miryang,Eastern Asia
TN04,Asia,Block7,210.5,26,0.123515439,3,45,88,43,Miryang,Eastern Asia
TN05,Asia,Block7,127.5,48.7,0.381960784,2.476666667,45,80,35,Miryang,Eastern Asia
TN06,Asia,Block7,,,,,,,,Miryang,Southern Africa
TN07,Asia,Block7,540,0.2,0.00037037,,62,108,46,Miryang,Southern Africa
TN08,Asia,Block7,245,23.6,0.096326531,3.106666667,42,91,49,Miryang,Eastern Asia
TN09,Asia,Block7,194.5,34.3,0.176349614,3.273333333,38,81,43,Miryang,Eastern Asia
TN10,Asia,Block7,197.5,37.2,0.18835443,2.7,41,86,45,Miryang,Eastern Asia
TN11,Asia,Block7,185.5,25.2,0.135849057,2.486666667,42,84,42,Miryang,Eastern Asia
TN12,Asia,Block7,102.5,12.4,0.12097561,2.766666667,37,79,42,Miryang,Eastern Asia
TN13,Asia,Block7,130.5,29.4,0.225287356,2.606666667,41,88,47,Miryang,Eastern Asia
TN14,Asia,Block7,137.5,20.3,0.147636364,2.673333333,41,81,40,Miryang,Eastern Asia
TN15,Asia,Block7,145.5,25.8,0.177319588,2.74,41,81,40,Miryang,Eastern Asia
TN16,Asia,Block8,278,53.5,0.192446043,2.653333333,42,87,45,Miryang,Eastern Asia
TN17,Asia,Block8,200.5,38.2,0.190523691,2.973333333,42,86,44,Miryang,Eastern Asia
TN18,Asia,Block8,139.5,33,0.23655914,3.3,42,85,43,Miryang,Eastern Asia
TN19,Asia,Block8,295,48.2,0.163389831,2.993333333,42,91,49,Miryang,Eastern Asia
TN20,Asia,Block8,215,42.1,0.195813953,3.286666667,42,91,49,Miryang,Eastern Asia
TN21,Asia,Block8,208.5,40.9,0.19616307,3.006666667,43,91,48,Miryang,Eastern Asia
TN22,Asia,Block8,202.5,53.9,0.26617284,3.146666667,42,91,49,Miryang,Eastern Asia
TN23,Asia,Block8,196.5,40.4,0.205597964,2.833333333,42,91,49,Miryang,Eastern Asia
TN24,Asia,Block8,124,13.1,0.105645161,3.14,42,84,42,Miryang,Eastern Asia
TN25,Asia,Block8,172,34.5,0.200581395,3.156666667,42,87,45,Miryang,Eastern Asia
TN26,Asia,Block8,144.5,34.4,0.238062284,2.663333333,42,85,43,Miryang,Eastern Asia
TN27,Asia,Block8,104,27,0.259615385,2.57,42,85,43,Miryang,Eastern Asia
TN28,Asia,Block8,158,31.9,0.201898734,3.106666667,42,91,49,Miryang,Eastern Asia
TN29,Asia,Block8,127,29,0.228346457,2.903333333,42,84,42,Miryang,Eastern Asia
TN30,Asia,Block8,240,46.6,0.194166667,3.08,42,93,51,Miryang,Eastern Asia
TN31,Asia,Block8,132.5,16.2,0.122264151,3.246666667,42,91,49,Miryang,Eastern Asia
TN32,Asia,Block8,134,25.4,0.189552239,2.933333333,42,81,39,Miryang,Eastern Asia
TN33,Asia,Block8,165,3.72,0.022545455,2.788648373,42,91,49,Miryang,Eastern Asia
TN34,Asia,Block8,,38.3,,2.95112259,43,85,42,Miryang,Eastern Asia
TN35,Asia,Block8,142,32.9,0.231690141,2.812280987,42,91,49,Miryang,Eastern Asia
TN36,Asia,Block8,183,30.8,0.168306011,3.338106633,42,88,46,Miryang,Eastern Asia
TN37,Asia,Block8,111,33.8,0.304504505,2.894995133,42,91,49,Miryang,Eastern Asia
TN38,Asia,Block8,314,32.5,0.103503185,2.912719593,42,87,45,Miryang,Eastern Asia
TN39,Asia,Block8,204,44.3,0.217156863,2.97770928,42,85,43,Miryang,Eastern Asia
TN40,Asia,Block8,165.5,18.5,0.111782477,2.912719593,42,84,42,Miryang,Eastern Asia
TN41,Asia,Block8,210,32.5,0.154761905,3.078147887,42,87,45,Miryang,Eastern Asia
TN42,Asia,Block8,,50.5,,3.042698967,42,85,43,Miryang,Eastern Asia
TN43,Asia,Block8,194,39.5,0.203608247,2.894995133,42,85,43,Miryang,Eastern Asia
TN44,Asia,Block8,213,24.4,0.114553991,2.78274022,42,85,43,Miryang,Eastern Asia
TN45,Asia,Block8,226,44.3,0.196017699,2.99543374,42,85,43,Miryang,Eastern Asia
TN46,Asia,Block8,142,33.6,0.236619718,3.70441214,42,85,43,Miryang,Eastern Asia
TN47,Asia,Block8,142,38.7,0.272535211,3.237668027,42,85,43,Miryang,Eastern Asia
TN48,Asia,Block8,,30.2,,2.658669,43,85,42,Miryang,Eastern Asia
TN49,Asia,Block8,248,55.3,0.222983871,2.954076667,43,85,42,Miryang,Eastern Asia
TN50,Asia,Block8,192.5,38.8,0.201558442,3.06633158,42,85,43,Miryang,Eastern Asia
TN51,Asia,Block8,168,30,0.178571429,2.971801127,42,85,43,Miryang,Eastern Asia
TN52,Asia,Block8,186,42.8,0.230107527,2.72956684,42,88,46,Miryang,Eastern Asia
TN53,Asia,Block8,180.5,42.6,0.23601108,2.81818914,42,81,39,Miryang,Eastern Asia
TN54,Asia,Block8,148,37.6,0.254054054,2.930444053,42,85,43,Miryang,Eastern Asia
TN55,Asia,Block8,176,30.8,0.175,3.001341893,42,85,43,Miryang,Eastern Asia
TN56,Asia,Block8,188.5,26.3,0.139522546,3.036790813,38,84,46,Miryang,Eastern Asia
TN57,Asia,Block8,146,38.8,0.265753425,3.397188167,45,87,42,Miryang,Eastern Asia
TN58,Asia,Block8,148.5,33.2,0.223569024,2.85363806,46,88,42,Miryang,Eastern Asia
TN59,Asia,Block8,144,30.5,0.211805556,2.510965167,41,88,47,Miryang,Eastern Asia
TN60,Asia,Block8,187,39.3,0.210160428,2.88908698,42,88,46,Miryang,Eastern Asia
TN61,Asia,Block8,190.5,42.4,0.222572178,3.001341893,41,88,47,Miryang,Eastern Asia
