Accession,Continent,Block,Seed_Color
T001,Africa,Block1,White
T002,Africa,Block1,Black
T003,Africa,Block1,White
T004,Africa,Block1,White
T005,Africa,Block1,Gray
T006,Africa,Block1,White
T007,Africa,Block1,White
T008,Africa,Block1,Brown
T009,Africa,Block1,Composite
T010,Africa,Block1,White
T011,Africa,Block1,White
T012,Africa,Block1,White
T013,Africa,Block1,White
T014,Africa,Block1,Brown
T015,Africa,Block1,White
T016,Africa,Block1,Composite
T017,Africa,Block1,Composite
T018,Africa,Block1,White
T019,Africa,Block1,Light Brown
T020,Africa,Block1,Light Brown
T021,Africa,Block1,Light Brown
T022,Africa,Block1,Light Brown
T023,Africa,Block1,Light Brown
T024,Africa,Block1,Light Brown
T025,Africa,Block1,White
T026,Africa,Block1,Composite
T027,Africa,Block1,Light Brown
T028,Africa,Block1,White
T029,Africa,Block1,Composite
T030,Africa,Block1,White
T031,Africa,Block1,Light Brown
T032,Africa,Block1,White
T033,Africa,Block1,White
T034,Africa,Block1,White
T035,Africa,Block1,Composite
T036,Africa,Block1,Light Brown
T037,Africa,Block1,Composite
T038,Africa,Block1,Composite
T039,Africa,Block1,Light Brown
T040,Africa,Block1,White
T041,Africa,Block1,White
T042,Africa,Block1,Composite
T043,Africa,Block1,White
T044,Africa,Block1,White
T045,Africa,Block1,White
T046,Africa,Block1,White
T047,Africa,Block1,Composite
T048,Africa,Block1,White
T049,Africa,Block1,Brown
T050,Africa,Block1,Brown
T051,Africa,Block1,White
T052,Africa,Block1,White
T053,Africa,Block1,White
T054,Africa,Block1,Brown
T055,Africa,Block1,Composite
T056,Africa,Block1,White
T057,Africa,Block1,Brown
T058,Africa,Block1,Light Brown
T059,Africa,Block1,Brown
T060,Africa,Block1,Brown
T061,Africa,Block2,Light Brown
T062,Africa,Block2,Light Brown
T063,Africa,Block2,Light Brown
T064,Africa,Block2,Light Brown
T065,Africa,Block2,Composite
T066,Africa,Block2,Brown
T067,Africa,Block2,Composite
T068,Africa,Block2,White
T069,Africa,Block2,Composite
T070,Africa,Block2,Composite
T071,Africa,Block2,Composite
T072,Africa,Block2,Brown
T073,Africa,Block2,Brown
T074,Africa,Block2,Brown
T075,Africa,Block2,Black
T076,Africa,Block2,Composite
T077,Africa,Block2,Composite
T078,Africa,Block2,White
T079,Africa,Block2,Brown
T080,Africa,Block2,Black
T081,Africa,Block2,Black
T082,Africa,Block2,Brown
T083,Africa,Block2,Composite
T084,Africa,Block2,White
T085,Africa,Block2,White
T086,Africa,Block2,White
T087,Africa,Block2,Light Brown
T088,Africa,Block2,White
T089,Africa,Block2,Composite
T090,Africa,Block2,Light Brown
T092,Africa,Block2,Brown
T093,Africa,Block2,Brown
T094,Africa,Block2,Brown
T095,Africa,Block2,White
T096,Africa,Block2,Composite
T097,Africa,Block2,Brown
T098,Africa,Block2,White
T099,Africa,Block2,Composite
T100,Africa,Block2,White
T101,Africa,Block2,White
T102,Africa,Block2,White
T103,Africa,Block2,White
T104,Africa,Block2,White
T105,Africa,Block2,Composite
T106,Africa,Block2,White
T108,Africa,Block2,Composite
T109,Africa,Block2,White
T110,Africa,Block2,White
T111,Africa,Block2,White
T112,Africa,Block2,Composite
T114,Africa,Block2,White
T115,Africa,Block2,White
T116,Africa,Block2,White
T118,Africa,Block2,Brown
T119,Africa,Block2,White
T120,Africa,Block2,White
T121,Africa,Block2,White
T122,Africa,Block2,Composite
T123,Africa,Block3,White
T124,Africa,Block3,Light Brown
T125,Africa,Block3,White
T126,Africa,Block3,White
T127,Africa,Block3,White
T128,#N/A,#N/A,Brown
T129,Africa,Block3,White
T130,Africa,Block3,White
T131,Africa,Block3,Light Brown
T132,Africa,Block3,White
T133,Africa,Block3,White
T134,Africa,Block3,White
T135,Africa,Block3,White
T136,Africa,Block3,White
T137,Africa,Block3,Composite
T138,Africa,Block3,White
T139,Africa,Block3,White
T140,Africa,Block3,Brown
T141,Africa,Block3,Brown
T142,Africa,Block3,Brown
T143,Africa,Block3,Light Brown
T144,Africa,Block3,Light Yellow
T145,Africa,Block3,White
T147,Africa,Block3,Brown
T148,Africa,Block3,Brown
T149,Africa,Block3,Brown
T150,Africa,Block3,Brown
T151,Africa,Block3,Brown
T152,Africa,Block3,Brown
T154,Africa,Block3,Brown
T155,Africa,Block3,Brown
T156,Africa,Block3,Brown
T157,Africa,Block3,Brown
T158,Africa,Block3,Brown
T159,Africa,Block3,Light Yellow
T160,Africa,Block3,Brown
T161,Africa,Block3,Brown
T162,Africa,Block3,White
T163,Africa,Block3,Brown
T164,Africa,Block3,Light Brown
T165,Africa,Block3,Light Brown
T166,Africa,Block3,Brown
T167,Africa,Block3,Light Brown
T168,Africa,Block3,Composite
T169,Africa,Block3,White
T170,Africa,Block3,Black
T171,Africa,Block3,Light Brown
T172,Africa,Block3,White
T173,Africa,Block3,Light Brown
T175,Africa,Block3,Light Brown
T176,Africa,Block3,White
T177,Africa,Block3,Light Yellow
T178,Africa,Block3,Brown
T179,Africa,Block3,Brown
T180,Africa,Block3,White
T181,Africa,Block3,Light Brown
T182,Africa,Block3,White
T183,Africa,Block4,Brown
T184,Africa,Block4,White
T186,Africa,Block4,White
T187,Africa,Block4,White
T188,Africa,Block4,White
T189,Africa,Block4,White
T190,Africa,Block4,Light Brown
T191,Africa,Block4,White
T192,Africa,Block4,White
T193,Africa,Block4,Dark Brown
T194,Africa,Block4,White
T195,Africa,Block4,White
T196,Africa,Block4,Brown
T197,Africa,Block4,White
T198,Africa,Block4,White
T199,Africa,Block4,White
T200,Africa,Block4,White
T201,Africa,Block4,White
T202,Africa,Block4,White
T203,Africa,Block4,White
T204,Africa,Block4,White
T205,Africa,Block4,Composite
T206,Africa,Block4,White
T207,Africa,Block4,White
T208,Africa,Block4,Composite
T209,Africa,Block4,Light Brown
T210,Africa,Block4,Brown
T211,Africa,Block4,Dark Brown
T212,Africa,Block4,Brown
T213,Africa,Block4,Light Brown
T214,Africa,Block4,Light Brown
T215,Africa,Block4,Light Brown
T216,Africa,Block4,White
TN01,Africa,Block4,Brown
T217,Africa,Block4,Composite
T218,Africa,Block4,Black
T219,Africa,Block4,White
T220,Africa,Block4,Light Yellow
T221,Africa,Block4,Composite
T222,Africa,Block4,Black
T224,Africa,Block4,White
T225,Africa,Block4,White
T227,Africa,Block4,Brown
T228,Africa,Block4,Composite
T229,Africa,Block4,Black
T230,Africa,Block4,Composite
T231,Africa,Block4,Composite
T232,Africa,Block4,Light Brown
T233,Africa,Block4,Brown
T235,Africa,Block4,Brown
T236,Africa,Block4,White
T237,Africa,Block4,Light Brown
T238,Africa,Block4,Brown
T239,Africa,Block4,Black
T240,Africa,Block4,White
T241,Africa,Block4,Brown
T242,Africa,Block4,White
T243,Africa,Block4,Black
T244,Africa,Block5,Brown
T245,Africa,Block5,Brown
T246,Africa,Block5,Brown
T247,Africa,Block5,Black
T248,Africa,Block5,Brown
T249,Africa,Block5,Brown
T250,Africa,Block5,Black
T251,Africa,Block5,Brown
T252,Africa,Block5,Composite
T253,Africa,Block5,Brown
T254,Africa,Block5,Composite
T255,Africa,Block5,Brown
T256,Africa,Block5,Brown
T257,Africa,Block5,Light Yellow
T258,Africa,Block5,Brown
T259,Africa,Block5,Composite
T260,Africa,Block5,White
T261,Africa,Block5,Brown
T262,Africa,Block5,Brown
T263,Africa,Block5,Brown
T264,Africa,Block5,Brown
T265,Africa,Block5,Brown
T266,Africa,Block5,Brown
T267,Africa,Block5,Brown
T268,Africa,Block5,Brown
T269,Africa,Block5,Brown
T270,Africa,Block5,Brown
T271,Africa,Block5,Brown
T272,Africa,Block5,Brown
T273,Africa,Block5,Brown
T274,Africa,Block5,Brown
T275,Africa,Block5,Brown
T276,Africa,Block5,Brown
T278,Africa,Block5,Brown
T279,Africa,Block5,Brown
T280,Africa,Block5,Brown
T281,Africa,Block5,Brown
T282,Africa,Block5,Brown
T283,Africa,Block5,Brown
T284,Africa,Block5,Brown
T285,Africa,Block5,Brown
T286,Africa,Block5,Brown
T287,Africa,Block5,Black
T288,Africa,Block5,Brown
T289,Africa,Block5,Brown
T290,Africa,Block5,Brown
T291,Africa,Block5,Brown
T292,Africa,Block5,Brown
T293,Africa,Block5,Brown
T359,Asia,Block5,Light Brown
T360,Asia,Block5,Composite
T362,Asia,Block5,Black
T363,Asia,Block5,Composite
T364,Asia,Block5,Light Brown
T365,Asia,Block5,Composite
T324,Asia,Block5,Black
T325,Asia,Block5,Composite
T326,Asia,Block6,Composite
T328,Asia,Block6,Black
T329,Africa,Block6,White
T330,Africa,Block6,Composite
T331,Africa,Block6,Brown
T304,Africa,Block6,Composite
T305,Africa,Block6,Brown
T307,Asia,Block6,Black
T311,Asia,Block6,Light Gray
T312,Asia,Block6,White
T313,Asia,Block6,Composite
T347,Asia,Block6,Composite
T348,Asia,Block6,Composite
T349,Asia,Block6,Composite
T351,Asia,Block6,Brown
T352,Asia,Block6,Brown
T353,Asia,Block6,White
T354,Asia,Block6,Composite
T355,Asia,Block6,Composite
T356,Asia,Block6,Brown
T368,Asia,Block6,Light Gray
T369,Asia,Block6,White
T370,Asia,Block6,Black
T371,Asia,Block6,Light Gray
T372,Asia,Block6,Composite
T342,Asia,Block6,Black
T343,Asia,Block6,Black
T344,Asia,Block6,Light Gray
T346,Asia,Block6,Black
T314,Asia,Block6,Light Gray
T315,Asia,Block6,Light Gray
T316,Asia,Block6,Light Gray
T317,Asia,Block6,Black
T318,Asia,Block6,Light Gray
T319,Others,Block6,Light Yellow
T320,Others,Block6,Composite
T321,Others,Block6,Light Brown
T322,Others,Block6,White
T323,Others,Block6,Composite
T373,Asia,Block6,Light Gray
T374,Asia,Block6,Composite
T375,Asia,Block6,White
T376,Asia,Block6,Light Gray
T378,Asia,Block6,Brown
T379,Asia,Block6,Composite
T380,Asia,Block6,Brown
T381,Asia,Block6,Dark Brown
T332,Asia,Block6,Composite
T334,Asia,Block6,White
T335,Asia,Block6,Composite
T336,Others,Block7,Composite
T337,Others,Block7,Light Gray
T338,Others,Block7,Light Yellow
T339,Others,Block7,Composite
T340,Others,Block7,White
T341,Others,Block7,Brown
T294,Others,Block7,Brown
T295,Others,Block7,Light Brown
T296,Others,Block7,Brown
T297,Others,Block7,Light Brown
T298,Others,Block7,Composite
T299,Others,Block7,Black
T301,Others,Block7,Composite
T302,Others,Block7,Brown
T303,Others,Block7,Composite
T383,Others,Block7,Composite
T384,Others,Block7,Brown
T385,Others,Block7,Light Gray
T386,Others,Block7,Brown
T387,Others,Block7,Light Brown
T388,Others,Block7,Light Gray
T389,Others,Block7,Light Gray
T390,Others,Block7,White
T391,Others,Block7,Composite
T392,Others,Block7,Composite
T393,Others,Block7,Composite
T423,Asia,Block7,Black
T431,Asia,Block7,Black
TN07,Asia,Block7,Black
TN08,Asia,Block7,White
TN09,Asia,Block7,White
TN10,Asia,Block7,White
TN11,Asia,Block7,White
TN12,Asia,Block7,Black
TN13,Asia,Block7,White
TN14,Asia,Block7,White
TN15,Asia,Block7,White
TN16,Asia,Block8,White
TN17,Asia,Block8,White
TN18,Asia,Block8,White
T403,Asia,Block8,Brown
TN19,Asia,Block8,White
TN20,Asia,Block8,Black
TN21,Asia,Block8,Black
TN22,Asia,Block8,Yellow
TN23,Asia,Block8,White
TN24,Asia,Block8,Black
TN25,Asia,Block8,White
TN26,Asia,Block8,White
TN27,Asia,Block8,White
TN28,Asia,Block8,White
TN29,Asia,Block8,Black
TN30,Asia,Block8,White
TN31,Asia,Block8,Black
TN32,Asia,Block8,White
TN33,Asia,Block8,White
TN34,Asia,Block8,White
TN35,Asia,Block8,White
TN36,Asia,Block8,White
TN37,Asia,Block8,White
TN38,Asia,Block8,Black
T398,Asia,Block8,Black
TN39,Asia,Block8,White
TN40,Asia,Block8,White
TN41,Asia,Block8,Black
TN42,Asia,Block8,White
TN43,Asia,Block8,Black
T404,Asia,Block8,White
TN44,Asia,Block8,Black
TN45,Asia,Block8,White
TN46,Asia,Block8,Black
TN47,Asia,Block8,White
TN48,Asia,Block8,White
T394,Asia,Block8,Black
TN49,Asia,Block8,White
T415,Asia,Block8,Brown
TN50,Asia,Block8,White
T402,Asia,Block8,White
TN51,Asia,Block8,White
TN52,Asia,Block8,Brown
TN53,Asia,Block8,White
T401,Asia,Block8,White
TN54,Asia,Block8,White
T400,Asia,Block8,White
TN55,Asia,Block8,Black
TN56,Asia,Block8,Brown
T413,Asia,Block8,Brown
T414,Asia,Block8,White
T399,Asia,Block8,White
TN57,Asia,Block8,White
T395,Asia,Block8,Brown
T397,Asia,Block8,White
T396,Asia,Block8,Black
TN58,Asia,Block8,White
TN59,Asia,Block8,White
TN60,Asia,Block8,Brown
TN61,Asia,Block8,Black
T407,Asia,Block8,White
TN62,Asia,Block8,Black
T408,Asia,Block8,Brown
T410,Asia,Block8,White
T411,Asia,Block8,Yellow
T409,Asia,Block8,White
T412,Asia,Block8,Black
